period,per_customer_mean
2023-01-01T00:00:00.000000,0.3692496026180591
2023-01-01T01:00:00.000000,0.3516526414212388
2023-01-01T02:00:00.000000,0.33297024240867207
2023-01-01T03:00:00.000000,0.3153788452548044
2023-01-01T04:00:00.000000,0.3023486442262846
2023-01-01T05:00:00.000000,0.2980508684573614
2023-01-01T06:00:00.000000,0.31040685415060754
2023-01-01T07:00:00.000000,0.33843827290367723
2023-01-01T08:00:00.000000,0.39635785585713307
2023-01-01T09:00:00.000000,0.45996107266437153
2023-01-01T10:00:00.000000,0.5176005096792441
2023-01-01T11:00:00.000000,0.5486559197605979
2023-01-01T12:00:00.000000,0.5492089684840646
2023-01-01T13:00:00.000000,0.5229345350821925
2023-01-01T14:00:00.000000,0.473249304435262
2023-01-01T15:00:00.000000,0.4245478244605164
2023-01-01T16:00:00.000000,0.4004579972411342
2023-01-01T17:00:00.000000,0.39839297654954997
2023-01-01T18:00:00.000000,0.4234513444002923
2023-01-01T19:00:00.000000,0.4654909635033187
2023-01-01T20:00:00.000000,0.4628386832815176
2023-01-01T21:00:00.000000,0.4535360424606736
2023-01-01T22:00:00.000000,0.43078327760762425
2023-01-01T23:00:00.000000,0.39558724777292803
2023-01-02T00:00:00.000000,0.35672634336913633
2023-01-02T01:00:00.000000,0.32069333520481896
2023-01-02T02:00:00.000000,0.2953787634220039
2023-01-02T03:00:00.000000,0.28198696984584537
2023-01-02T04:00:00.000000,0.2751502561583365
2023-01-02T05:00:00.000000,0.2853661395218373
2023-01-02T06:00:00.000000,0.34456625885986886
2023-01-02T07:00:00.000000,0.41891969590644224
2023-01-02T08:00:00.000000,0.4968815934130317
2023-01-02T09:00:00.000000,0.547795526857582
2023-01-02T10:00:00.000000,0.5577390510948985
2023-01-02T11:00:00.000000,0.5383136419998699
2023-01-02T12:00:00.000000,0.5038740875912503
2023-01-02T13:00:00.000000,0.47687518132049334
2023-01-02T14:00:00.000000,0.4488187029151793
2023-01-02T15:00:00.000000,0.42015666456097156
2023-01-02T16:00:00.000000,0.4046045575780422
2023-01-02T17:00:00.000000,0.4038231275007724
2023-01-02T18:00:00.000000,0.4300327117018148
2023-01-02T19:00:00.000000,0.4925425041533149
2023-01-02T20:00:00.000000,0.5033318592353481
2023-01-02T21:00:00.000000,0.4959774907576432
2023-01-02T22:00:00.000000,0.4654279563854209
2023-01-02T23:00:00.000000,0.43124137769666576
2023-01-03T00:00:00.000000,0.38316350594248244
2023-01-03T01:00:00.000000,0.33874931432993005
2023-01-03T02:00:00.000000,0.3139966243934542
2023-01-03T03:00:00.000000,0.2972315806746625
2023-01-03T04:00:00.000000,0.2898124897442622
2023-01-03T05:00:00.000000,0.2989914906584897
2023-01-03T06:00:00.000000,0.36852373473359495
2023-01-03T07:00:00.000000,0.4527765171937008
2023-01-03T08:00:00.000000,0.5300459904831184
2023-01-03T09:00:00.000000,0.5769359776824508
2023-01-03T10:00:00.000000,0.5866451930515596
2023-01-03T11:00:00.000000,0.5615740441193785
2023-01-03T12:00:00.000000,0.5182269082895815
2023-01-03T13:00:00.000000,0.49244876573599905
2023-01-03T14:00:00.000000,0.45534979838710354
2023-01-03T15:00:00.000000,0.4246132639426278
2023-01-03T16:00:00.000000,0.4107168108399704
2023-01-03T17:00:00.000000,0.4179898490247716
2023-01-03T18:00:00.000000,0.4406421136534245
2023-01-03T19:00:00.000000,0.504645184733688
2023-01-03T20:00:00.000000,0.5218845929077407
2023-01-03T21:00:00.000000,0.5096233547632983
2023-01-03T22:00:00.000000,0.4778863328190072
2023-01-03T23:00:00.000000,0.4371081005260097
2023-01-04T00:00:00.000000,0.383926397421232
2023-01-04T01:00:00.000000,0.3424591343346429
2023-01-04T02:00:00.000000,0.3127788937681128
2023-01-04T03:00:00.000000,0.29456741100626804
2023-01-04T04:00:00.000000,0.28640148559950107
2023-01-04T05:00:00.000000,0.29676925412881305
2023-01-04T06:00:00.000000,0.3761726232188825
2023-01-04T07:00:00.000000,0.47302826442420703
2023-01-04T08:00:00.000000,0.5328388452914885
2023-01-04T09:00:00.000000,0.5718742875829279
2023-01-04T10:00:00.000000,0.5830532536086321
2023-01-04T11:00:00.000000,0.5561681926472759
2023-01-04T12:00:00.000000,0.5176150091091831
2023-01-04T13:00:00.000000,0.4886651092162233
2023-01-04T14:00:00.000000,0.4476978390375094
2023-01-04T15:00:00.000000,0.4199853054549857
2023-01-04T16:00:00.000000,0.4085807265506522
2023-01-04T17:00:00.000000,0.4051685435260146
2023-01-04T18:00:00.000000,0.44309616597743695
2023-01-04T19:00:00.000000,0.5033018550535083
2023-01-04T20:00:00.000000,0.5194734063675297
2023-01-04T21:00:00.000000,0.5122925718290126
2023-01-04T22:00:00.000000,0.48297893015650895
2023-01-04T23:00:00.000000,0.4446907498248143
2023-01-05T00:00:00.000000,0.39180888723276197
2023-01-05T01:00:00.000000,0.3450642088592954
2023-01-05T02:00:00.000000,0.31977583436198054
2023-01-05T03:00:00.000000,0.3021122781685302
2023-01-05T04:00:00.000000,0.29376871302809615
2023-01-05T05:00:00.000000,0.30344368624529044
2023-01-05T06:00:00.000000,0.38400221254396943
2023-01-05T07:00:00.000000,0.4849182756131164
2023-01-05T08:00:00.000000,0.5353983325182312
2023-01-05T09:00:00.000000,0.5723620103404993
2023-01-05T10:00:00.000000,0.5735231141852458
2023-01-05T11:00:00.000000,0.5498015789841477
2023-01-05T12:00:00.000000,0.5115321611551077
2023-01-05T13:00:00.000000,0.483180797540305
2023-01-05T14:00:00.000000,0.4545873707258105
2023-01-05T15:00:00.000000,0.4204320087580458
2023-01-05T16:00:00.000000,0.4116855725333188
2023-01-05T17:00:00.000000,0.41436651214797865
2023-01-05T18:00:00.000000,0.4532005637215015
2023-01-05T19:00:00.000000,0.5160201961378131
2023-01-05T20:00:00.000000,0.5289904609013297
2023-01-05T21:00:00.000000,0.5256715758125707
2023-01-05T22:00:00.000000,0.4941917126172054
2023-01-05T23:00:00.000000,0.45391435551419707
2023-01-06T00:00:00.000000,0.4036144768998085
2023-01-06T01:00:00.000000,0.3587467008029871
2023-01-06T02:00:00.000000,0.33140447816777396
2023-01-06T03:00:00.000000,0.3168852787152433
2023-01-06T04:00:00.000000,0.3075711625741983
2023-01-06T05:00:00.000000,0.3197712556732324
2023-01-06T06:00:00.000000,0.3984884906319164
2023-01-06T07:00:00.000000,0.49504501338299456
2023-01-06T08:00:00.000000,0.5465241120281946
2023-01-06T09:00:00.000000,0.5807343195677983
2023-01-06T10:00:00.000000,0.5908165375875419
2023-01-06T11:00:00.000000,0.5688141999211681
2023-01-06T12:00:00.000000,0.5356352864794776
2023-01-06T13:00:00.000000,0.5081629340217337
2023-01-06T14:00:00.000000,0.47225423847067116
2023-01-06T15:00:00.000000,0.4417494360334061
2023-01-06T16:00:00.000000,0.43255932834086486
2023-01-06T17:00:00.000000,0.4332784709935832
2023-01-06T18:00:00.000000,0.47343827548479517
2023-01-06T19:00:00.000000,0.5261114370184161
2023-01-06T20:00:00.000000,0.5354628779447261
2023-01-06T21:00:00.000000,0.5298442811101589
2023-01-06T22:00:00.000000,0.5050853777303697
2023-01-06T23:00:00.000000,0.4734447819332742
2023-01-07T00:00:00.000000,0.4388393188137154
2023-01-07T01:00:00.000000,0.3961847775718332
2023-01-07T02:00:00.000000,0.369760797034299
2023-01-07T03:00:00.000000,0.34879911955514875
2023-01-07T04:00:00.000000,0.33606494797688496
2023-01-07T05:00:00.000000,0.33950913294798535
2023-01-07T06:00:00.000000,0.37374502323646613
2023-01-07T07:00:00.000000,0.42858946613951765
2023-01-07T08:00:00.000000,0.49927612751104805
2023-01-07T09:00:00.000000,0.5670522665803698
2023-01-07T10:00:00.000000,0.6155728386500259
2023-01-07T11:00:00.000000,0.6147782478039825
2023-01-07T12:00:00.000000,0.5909941054091553
2023-01-07T13:00:00.000000,0.565364346820814
2023-01-07T14:00:00.000000,0.5177349887863877
2023-01-07T15:00:00.000000,0.4872492890337887
2023-01-07T16:00:00.000000,0.46666289796768384
2023-01-07T17:00:00.000000,0.46948566407696074
2023-01-07T18:00:00.000000,0.5027790418054118
2023-01-07T19:00:00.000000,0.5524209674435882
2023-01-07T20:00:00.000000,0.5538188774330768
2023-01-07T21:00:00.000000,0.5406960723119996
2023-01-07T22:00:00.000000,0.5158096030700262
2023-01-07T23:00:00.000000,0.49060910372888217
2023-01-08T00:00:00.000000,0.4521728978425273
2023-01-08T01:00:00.000000,0.41643739627512877
2023-01-08T02:00:00.000000,0.38825534759358976
2023-01-08T03:00:00.000000,0.36583839664392903
2023-01-08T04:00:00.000000,0.3511309748790142
2023-01-08T05:00:00.000000,0.3492381127987714
2023-01-08T06:00:00.000000,0.3646298976675681
2023-01-08T07:00:00.000000,0.3988538800156778
2023-01-08T08:00:00.000000,0.45723031895280886
2023-01-08T09:00:00.000000,0.5293832234567349
2023-01-08T10:00:00.000000,0.596416762712651
2023-01-08T11:00:00.000000,0.6268151768014419
2023-01-08T12:00:00.000000,0.6206553870268836
2023-01-08T13:00:00.000000,0.5900037803697432
2023-01-08T14:00:00.000000,0.5408528191415845
2023-01-08T15:00:00.000000,0.5004998847448291
2023-01-08T16:00:00.000000,0.4795647142890089
2023-01-08T17:00:00.000000,0.46660327815944236
2023-01-08T18:00:00.000000,0.48460994052285333
2023-01-08T19:00:00.000000,0.5346916870302891
2023-01-08T20:00:00.000000,0.5306452036793712
2023-01-08T21:00:00.000000,0.5231498177455872
2023-01-08T22:00:00.000000,0.5032464125870958
2023-01-08T23:00:00.000000,0.4766162044940747
2023-01-09T00:00:00.000000,0.43842877252902374
2023-01-09T01:00:00.000000,0.3993885722197924
2023-01-09T02:00:00.000000,0.36699794613805503
2023-01-09T03:00:00.000000,0.3486262432788034
2023-01-09T04:00:00.000000,0.3351432526590304
2023-01-09T05:00:00.000000,0.34328268045521315
2023-01-09T06:00:00.000000,0.4140733593407431
2023-01-09T07:00:00.000000,0.5094167262990342
2023-01-09T08:00:00.000000,0.5547832860209153
2023-01-09T09:00:00.000000,0.5773593371338966
2023-01-09T10:00:00.000000,0.5758357874815409
2023-01-09T11:00:00.000000,0.5470158330833021
2023-01-09T12:00:00.000000,0.5083692177143863
2023-01-09T13:00:00.000000,0.4789666819536873
2023-01-09T14:00:00.000000,0.44835812886953497
2023-01-09T15:00:00.000000,0.4228071084613725
2023-01-09T16:00:00.000000,0.41240888695573663
2023-01-09T17:00:00.000000,0.41290349310993024
2023-01-09T18:00:00.000000,0.4398685872500189
2023-01-09T19:00:00.000000,0.5056189964075767
2023-01-09T20:00:00.000000,0.5227551323331269
2023-01-09T21:00:00.000000,0.5235930078553187
2023-01-09T22:00:00.000000,0.5027074106205226
2023-01-09T23:00:00.000000,0.46451138101869766
2023-01-10T00:00:00.000000,0.41639442758369627
2023-01-10T01:00:00.000000,0.3721405426374341
2023-01-10T02:00:00.000000,0.34424377609931367
2023-01-10T03:00:00.000000,0.32490708287697273
2023-01-10T04:00:00.000000,0.3155293218327917
2023-01-10T05:00:00.000000,0.32794260742566794
2023-01-10T06:00:00.000000,0.4067100543106274
2023-01-10T07:00:00.000000,0.5108294808899091
2023-01-10T08:00:00.000000,0.5551196832785751
2023-01-10T09:00:00.000000,0.5811556488601937
2023-01-10T10:00:00.000000,0.583113365127905
2023-01-10T11:00:00.000000,0.553386158269451
2023-01-10T12:00:00.000000,0.5087908960295665
2023-01-10T13:00:00.000000,0.4767121257041299
2023-01-10T14:00:00.000000,0.44239010876257245
2023-01-10T15:00:00.000000,0.42462125079771
2023-01-10T16:00:00.000000,0.41710136780537876
2023-01-10T17:00:00.000000,0.42216838011191476
2023-01-10T18:00:00.000000,0.44739824437724146
2023-01-10T19:00:00.000000,0.515949242734344
2023-01-10T20:00:00.000000,0.5345958293537129
2023-01-10T21:00:00.000000,0.5293456062949173
2023-01-10T22:00:00.000000,0.5001653287244464
2023-01-10T23:00:00.000000,0.4643050280854192
2023-01-11T00:00:00.000000,0.4148629255875289
2023-01-11T01:00:00.000000,0.3684063458872273
2023-01-11T02:00:00.000000,0.34135566061323075
2023-01-11T03:00:00.000000,0.32395624602236794
2023-01-11T04:00:00.000000,0.31440352751324435
2023-01-11T05:00:00.000000,0.3242428064912125
2023-01-11T06:00:00.000000,0.3997544378025878
2023-01-11T07:00:00.000000,0.5024749653401298
2023-01-11T08:00:00.000000,0.5504231555979873
2023-01-11T09:00:00.000000,0.5795592553868608
2023-01-11T10:00:00.000000,0.5852047231566512
2023-01-11T11:00:00.000000,0.553311876349592
2023-01-11T12:00:00.000000,0.5125459359941876
2023-01-11T13:00:00.000000,0.4749414182239409
2023-01-11T14:00:00.000000,0.44244500703874706
2023-01-11T15:00:00.000000,0.41891401389583477
2023-01-11T16:00:00.000000,0.4121865946142447
2023-01-11T17:00:00.000000,0.4138440302404316
2023-01-11T18:00:00.000000,0.44307276318478833
2023-01-11T19:00:00.000000,0.5088669860152603
2023-01-11T20:00:00.000000,0.5221176190151856
2023-01-11T21:00:00.000000,0.5186105612059582
2023-01-11T22:00:00.000000,0.49217907330473354
2023-01-11T23:00:00.000000,0.45144897727530864
2023-01-12T00:00:00.000000,0.4021376171777534
2023-01-12T01:00:00.000000,0.3562583471412116
2023-01-12T02:00:00.000000,0.32754031049980187
2023-01-12T03:00:00.000000,0.31052312755333994
2023-01-12T04:00:00.000000,0.30269300953246303
2023-01-12T05:00:00.000000,0.3119270994099
2023-01-12T06:00:00.000000,0.3925768628430091
2023-01-12T07:00:00.000000,0.5014225016455265
2023-01-12T08:00:00.000000,0.5434628444323406
2023-01-12T09:00:00.000000,0.5766463445082572
2023-01-12T10:00:00.000000,0.5734464796404856
2023-01-12T11:00:00.000000,0.544018861928876
2023-01-12T12:00:00.000000,0.5058012846702165
2023-01-12T13:00:00.000000,0.4803185625752059
2023-01-12T14:00:00.000000,0.4458575677086973
2023-01-12T15:00:00.000000,0.41694487706314964
2023-01-12T16:00:00.000000,0.40946778660614114
2023-01-12T17:00:00.000000,0.4104692807192918
2023-01-12T18:00:00.000000,0.4379923031514078
2023-01-12T19:00:00.000000,0.5086244891472174
2023-01-12T20:00:00.000000,0.5227761153365941
2023-01-12T21:00:00.000000,0.521340364181272
2023-01-12T22:00:00.000000,0.49293156998523713
2023-01-12T23:00:00.000000,0.4489872863078125
2023-01-13T00:00:00.000000,0.3986844434358394
2023-01-13T01:00:00.000000,0.35330670600250397
2023-01-13T02:00:00.000000,0.3283526381481968
2023-01-13T03:00:00.000000,0.31019899695911607
2023-01-13T04:00:00.000000,0.3019775094750808
2023-01-13T05:00:00.000000,0.3146136982570904
2023-01-13T06:00:00.000000,0.3938614029911809
2023-01-13T07:00:00.000000,0.4982595315904264
2023-01-13T08:00:00.000000,0.5445919571532359
2023-01-13T09:00:00.000000,0.5762457900231543
2023-01-13T10:00:00.000000,0.5846859269682092
2023-01-13T11:00:00.000000,0.5566478304284754
2023-01-13T12:00:00.000000,0.5139990241467023
2023-01-13T13:00:00.000000,0.47454620761654626
2023-01-13T14:00:00.000000,0.43748475976488094
2023-01-13T15:00:00.000000,0.41275508351490237
2023-01-13T16:00:00.000000,0.39525381263617754
2023-01-13T17:00:00.000000,0.39514136898008456
2023-01-13T18:00:00.000000,0.42237377726334996
2023-01-13T19:00:00.000000,0.48907596114566326
2023-01-13T20:00:00.000000,0.49396470881939597
2023-01-13T21:00:00.000000,0.4757539149380478
2023-01-13T22:00:00.000000,0.44323611646960576
2023-01-13T23:00:00.000000,0.4020335655765686
2023-01-14T00:00:00.000000,0.34955873743448945
2023-01-14T01:00:00.000000,0.30847788695001976
2023-01-14T02:00:00.000000,0.28440704349997625
2023-01-14T03:00:00.000000,0.2694027727355343
2023-01-14T04:00:00.000000,0.26263549111702184
2023-01-14T05:00:00.000000,0.268945855175085
2023-01-14T06:00:00.000000,0.3047644148948362
2023-01-14T07:00:00.000000,0.3648272481790057
2023-01-14T08:00:00.000000,0.4419916725284315
2023-01-14T09:00:00.000000,0.5313513765007692
2023-01-14T10:00:00.000000,0.5991524862129267
2023-01-14T11:00:00.000000,0.602165762658011
2023-01-14T12:00:00.000000,0.561708935611039
2023-01-14T13:00:00.000000,0.525900471249271
2023-01-14T14:00:00.000000,0.4713323440119737
2023-01-14T15:00:00.000000,0.41940960170376174
2023-01-14T16:00:00.000000,0.39853388909026666
2023-01-14T17:00:00.000000,0.391193077045076
2023-01-14T18:00:00.000000,0.4128694923317549
2023-01-14T19:00:00.000000,0.4647530978864232
2023-01-14T20:00:00.000000,0.4654362866139663
2023-01-14T21:00:00.000000,0.44585077703774906
2023-01-14T22:00:00.000000,0.4118319702770753
2023-01-14T23:00:00.000000,0.3668454533097815
2023-01-15T00:00:00.000000,0.31759655398828207
2023-01-15T01:00:00.000000,0.28125872257569157
2023-01-15T02:00:00.000000,0.25684492947224397
2023-01-15T03:00:00.000000,0.24606113023004816
2023-01-15T04:00:00.000000,0.24176750135846287
2023-01-15T05:00:00.000000,0.24652894826221433
2023-01-15T06:00:00.000000,0.27380117740293464
2023-01-15T07:00:00.000000,0.3276246575342644
2023-01-15T08:00:00.000000,0.4130426129288034
2023-01-15T09:00:00.000000,0.4978273855350835
2023-01-15T10:00:00.000000,0.5699698143115987
2023-01-15T11:00:00.000000,0.5877675377021004
2023-01-15T12:00:00.000000,0.5585641826868671
2023-01-15T13:00:00.000000,0.5288286574734559
2023-01-15T14:00:00.000000,0.4690300491383869
2023-01-15T15:00:00.000000,0.414687996739369
2023-01-15T16:00:00.000000,0.3863012476507672
2023-01-15T17:00:00.000000,0.3796928807572268
2023-01-15T18:00:00.000000,0.4065250334005256
2023-01-15T19:00:00.000000,0.46569901043908063
2023-01-15T20:00:00.000000,0.464592309956757
2023-01-15T21:00:00.000000,0.45229676177536626
2023-01-15T22:00:00.000000,0.4193742074275451
2023-01-15T23:00:00.000000,0.3734322108743489
2023-01-16T00:00:00.000000,0.3200473203975931
2023-01-16T01:00:00.000000,0.277707648417345
2023-01-16T02:00:00.000000,0.2527720871258569
2023-01-16T03:00:00.000000,0.24180680145811248
2023-01-16T04:00:00.000000,0.2383206466366399
2023-01-16T05:00:00.000000,0.2538441526095463
2023-01-16T06:00:00.000000,0.344702796331955
2023-01-16T07:00:00.000000,0.46144048454659786
2023-01-16T08:00:00.000000,0.5223145477187889
2023-01-16T09:00:00.000000,0.5591491496252045
2023-01-16T10:00:00.000000,0.5542706252689351
2023-01-16T11:00:00.000000,0.5265098172430278
2023-01-16T12:00:00.000000,0.4799256306898058
2023-01-16T13:00:00.000000,0.45111551267242966
2023-01-16T14:00:00.000000,0.40901512886716035
2023-01-16T15:00:00.000000,0.3725886309591409
2023-01-16T16:00:00.000000,0.3567215264409656
2023-01-16T17:00:00.000000,0.3595442355606095
2023-01-16T18:00:00.000000,0.38984117780295985
2023-01-16T19:00:00.000000,0.46478184742231493
2023-01-16T20:00:00.000000,0.47853882219705834
2023-01-16T21:00:00.000000,0.47006332812393986
2023-01-16T22:00:00.000000,0.43270412901180716
2023-01-16T23:00:00.000000,0.3764317456003328
2023-01-17T00:00:00.000000,0.314880182036372
2023-01-17T01:00:00.000000,0.27193981932213057
2023-01-17T02:00:00.000000,0.24976006973533654
2023-01-17T03:00:00.000000,0.2373767065909064
2023-01-17T04:00:00.000000,0.2354483211447558
2023-01-17T05:00:00.000000,0.2539080819063281
2023-01-17T06:00:00.000000,0.3445270680438651
2023-01-17T07:00:00.000000,0.4686541179668492
2023-01-17T08:00:00.000000,0.5285335583391982
2023-01-17T09:00:00.000000,0.5656955030660951
2023-01-17T10:00:00.000000,0.5710121505303186
2023-01-17T11:00:00.000000,0.5426509731779976
2023-01-17T12:00:00.000000,0.4934693738502486
2023-01-17T13:00:00.000000,0.4606630024983101
2023-01-17T14:00:00.000000,0.4178624119918367
2023-01-17T15:00:00.000000,0.3816525698971321
2023-01-17T16:00:00.000000,0.36658100342957506
2023-01-17T17:00:00.000000,0.3710804224392625
2023-01-17T18:00:00.000000,0.40547845738037697
2023-01-17T19:00:00.000000,0.477198928027988
2023-01-17T20:00:00.000000,0.4919142668968116
2023-01-17T21:00:00.000000,0.4823828071769295
2023-01-17T22:00:00.000000,0.446147555131616
2023-01-17T23:00:00.000000,0.3861597283731996
2023-01-18T00:00:00.000000,0.32455252229560716
2023-01-18T01:00:00.000000,0.2796991399460032
2023-01-18T02:00:00.000000,0.2528697437992272
2023-01-18T03:00:00.000000,0.24210481766402248
2023-01-18T04:00:00.000000,0.23772748315067102
2023-01-18T05:00:00.000000,0.2541171451265305
2023-01-18T06:00:00.000000,0.3462872444232794
2023-01-18T07:00:00.000000,0.4709729950528836
2023-01-18T08:00:00.000000,0.5350626092087117
2023-01-18T09:00:00.000000,0.5684613883404902
2023-01-18T10:00:00.000000,0.5697213788095509
2023-01-18T11:00:00.000000,0.5381989243651808
2023-01-18T12:00:00.000000,0.5035923934009624
2023-01-18T13:00:00.000000,0.4655850542368344
2023-01-18T14:00:00.000000,0.4248557877777131
2023-01-18T15:00:00.000000,0.38829955067400257
2023-01-18T16:00:00.000000,0.3759755372501109
2023-01-18T17:00:00.000000,0.3788069713611583
2023-01-18T18:00:00.000000,0.4149147830428576
2023-01-18T19:00:00.000000,0.486783052693692
2023-01-18T20:00:00.000000,0.5008452740270125
2023-01-18T21:00:00.000000,0.48911366266536715
2023-01-18T22:00:00.000000,0.453056275386331
2023-01-18T23:00:00.000000,0.39757499432721094
2023-01-19T00:00:00.000000,0.3328321492611934
2023-01-19T01:00:00.000000,0.292197067368815
2023-01-19T02:00:00.000000,0.2674069500874004
2023-01-19T03:00:00.000000,0.25297902669330874
2023-01-19T04:00:00.000000,0.24954356855892448
2023-01-19T05:00:00.000000,0.26508550481207116
2023-01-19T06:00:00.000000,0.34870176593427876
2023-01-19T07:00:00.000000,0.4629642054611209
2023-01-19T08:00:00.000000,0.5213744240415922
2023-01-19T09:00:00.000000,0.5640749727619436
2023-01-19T10:00:00.000000,0.5747380152533133
2023-01-19T11:00:00.000000,0.551919172889676
2023-01-19T12:00:00.000000,0.5079324511428424
2023-01-19T13:00:00.000000,0.4716420010895333
2023-01-19T14:00:00.000000,0.43076957123727505
2023-01-19T15:00:00.000000,0.3988379181987521
2023-01-19T16:00:00.000000,0.3908561863041242
2023-01-19T17:00:00.000000,0.39281887100802687
2023-01-19T18:00:00.000000,0.4176314176767093
2023-01-19T19:00:00.000000,0.49203016546747347
2023-01-19T20:00:00.000000,0.5060601252893959
2023-01-19T21:00:00.000000,0.4963691867722834
2023-01-19T22:00:00.000000,0.4587068703329628
2023-01-19T23:00:00.000000,0.40857656778411455
2023-01-20T00:00:00.000000,0.34996895917951387
2023-01-20T01:00:00.000000,0.30401481699985095
2023-01-20T02:00:00.000000,0.2775978307730809
2023-01-20T03:00:00.000000,0.2631797594735749
2023-01-20T04:00:00.000000,0.2571166526741039
2023-01-20T05:00:00.000000,0.27382784597582305
2023-01-20T06:00:00.000000,0.3595078846459441
2023-01-20T07:00:00.000000,0.47627849250108684
2023-01-20T08:00:00.000000,0.5369157514975587
2023-01-20T09:00:00.000000,0.5753861619806263
2023-01-20T10:00:00.000000,0.5803204284482385
2023-01-20T11:00:00.000000,0.5550371025937872
2023-01-20T12:00:00.000000,0.5069414060727163
2023-01-20T13:00:00.000000,0.47340145687250346
2023-01-20T14:00:00.000000,0.4250266872418793
2023-01-20T15:00:00.000000,0.39007415980213656
2023-01-20T16:00:00.000000,0.3795263802845838
2023-01-20T17:00:00.000000,0.3850250544662472
2023-01-20T18:00:00.000000,0.41401801842691505
2023-01-20T19:00:00.000000,0.48172622262567355
2023-01-20T20:00:00.000000,0.49677436118549523
2023-01-20T21:00:00.000000,0.4906269601724785
2023-01-20T22:00:00.000000,0.4572127311925635
2023-01-20T23:00:00.000000,0.4062498354703347
2023-01-21T00:00:00.000000,0.35425734294262523
2023-01-21T01:00:00.000000,0.3105517405493716
2023-01-21T02:00:00.000000,0.28637016975274887
2023-01-21T03:00:00.000000,0.27100559811433295
2023-01-21T04:00:00.000000,0.26199399419818153
2023-01-21T05:00:00.000000,0.27139483704275663
2023-01-21T06:00:00.000000,0.31782031639546116
2023-01-21T07:00:00.000000,0.3834986854630475
2023-01-21T08:00:00.000000,0.47311316350121113
2023-01-21T09:00:00.000000,0.5521840476892104
2023-01-21T10:00:00.000000,0.6071762052630475
2023-01-21T11:00:00.000000,0.5984229147778813
2023-01-21T12:00:00.000000,0.5550973525545205
2023-01-21T13:00:00.000000,0.5232239804130573
2023-01-21T14:00:00.000000,0.4713651347858707
2023-01-21T15:00:00.000000,0.4247071932171219
2023-01-21T16:00:00.000000,0.4034145091816095
2023-01-21T17:00:00.000000,0.4019367958105829
2023-01-21T18:00:00.000000,0.41908582893157237
2023-01-21T19:00:00.000000,0.4809149172523332
2023-01-21T20:00:00.000000,0.48642761278622154
2023-01-21T21:00:00.000000,0.4678593257611885
2023-01-21T22:00:00.000000,0.4329817959239237
2023-01-21T23:00:00.000000,0.38958268912516997
2023-01-22T00:00:00.000000,0.3390892974541576
2023-01-22T01:00:00.000000,0.30010874838476914
2023-01-22T02:00:00.000000,0.27241163001588303
2023-01-22T03:00:00.000000,0.26046771707097266
2023-01-22T04:00:00.000000,0.253342454263123
2023-01-22T05:00:00.000000,0.25877943043716145
2023-01-22T06:00:00.000000,0.28539292111649095
2023-01-22T07:00:00.000000,0.3379870533285109
2023-01-22T08:00:00.000000,0.4161418044124094
2023-01-22T09:00:00.000000,0.4981205578863881
2023-01-22T10:00:00.000000,0.5701320044447533
2023-01-22T11:00:00.000000,0.5904007619738829
2023-01-22T12:00:00.000000,0.5766704764496509
2023-01-22T13:00:00.000000,0.5381880343818818
2023-01-22T14:00:00.000000,0.4749004853268106
2023-01-22T15:00:00.000000,0.4158204064045132
2023-01-22T16:00:00.000000,0.3875159212555717
2023-01-22T17:00:00.000000,0.38986863234294994
2023-01-22T18:00:00.000000,0.40393104699693
2023-01-22T19:00:00.000000,0.46019315475516304
2023-01-22T20:00:00.000000,0.46565781356317215
2023-01-22T21:00:00.000000,0.4431231201941697
2023-01-22T22:00:00.000000,0.41069943297800504
2023-01-22T23:00:00.000000,0.36676157858925995
2023-01-23T00:00:00.000000,0.31767491494670974
2023-01-23T01:00:00.000000,0.27607840780223464
2023-01-23T02:00:00.000000,0.2508534942273376
2023-01-23T03:00:00.000000,0.239366176737447
2023-01-23T04:00:00.000000,0.23687037583071852
2023-01-23T05:00:00.000000,0.2529900417385114
2023-01-23T06:00:00.000000,0.3418100757610306
2023-01-23T07:00:00.000000,0.45857304237365815
2023-01-23T08:00:00.000000,0.5245582624475481
2023-01-23T09:00:00.000000,0.56012654951642
2023-01-23T10:00:00.000000,0.5554860587621017
2023-01-23T11:00:00.000000,0.5250709907373848
2023-01-23T12:00:00.000000,0.47367219851073594
2023-01-23T13:00:00.000000,0.4245618838491439
2023-01-23T14:00:00.000000,0.38047564548619495
2023-01-23T15:00:00.000000,0.34392744869245206
2023-01-23T16:00:00.000000,0.3381553825552331
2023-01-23T17:00:00.000000,0.35212204831887184
2023-01-23T18:00:00.000000,0.38756183174850234
2023-01-23T19:00:00.000000,0.4534971336275646
2023-01-23T20:00:00.000000,0.4726370341791211
2023-01-23T21:00:00.000000,0.4652768309012077
2023-01-23T22:00:00.000000,0.42634221455643656
2023-01-23T23:00:00.000000,0.36393920068992675
2023-01-24T00:00:00.000000,0.29790211345940887
2023-01-24T01:00:00.000000,0.25632090077411435
2023-01-24T02:00:00.000000,0.23600957980523943
2023-01-24T03:00:00.000000,0.223382897096561
2023-01-24T04:00:00.000000,0.22259406142881272
2023-01-24T05:00:00.000000,0.2422728449156735
2023-01-24T06:00:00.000000,0.3311331532227111
2023-01-24T07:00:00.000000,0.4604278157422879
2023-01-24T08:00:00.000000,0.529837563567029
2023-01-24T09:00:00.000000,0.5607109158606958
2023-01-24T10:00:00.000000,0.5684122962357578
2023-01-24T11:00:00.000000,0.5389855151432698
2023-01-24T12:00:00.000000,0.4823299959133754
2023-01-24T13:00:00.000000,0.44246118742197105
2023-01-24T14:00:00.000000,0.3964513111590614
2023-01-24T15:00:00.000000,0.36115774775799325
2023-01-24T16:00:00.000000,0.34413897150642947
2023-01-24T17:00:00.000000,0.3519330669330852
2023-01-24T18:00:00.000000,0.38967489328854477
2023-01-24T19:00:00.000000,0.4623964898737644
2023-01-24T20:00:00.000000,0.4784582254915419
2023-01-24T21:00:00.000000,0.4674795322965213
2023-01-24T22:00:00.000000,0.4235027585424024
2023-01-24T23:00:00.000000,0.36275393347713797
2023-01-25T00:00:00.000000,0.2967061427404122
2023-01-25T01:00:00.000000,0.252655112140214
2023-01-25T02:00:00.000000,0.22865742758559643
2023-01-25T03:00:00.000000,0.21866616725689397
2023-01-25T04:00:00.000000,0.21789037955145424
2023-01-25T05:00:00.000000,0.23630293329702748
2023-01-25T06:00:00.000000,0.32645393452301896
2023-01-25T07:00:00.000000,0.4579294601098985
2023-01-25T08:00:00.000000,0.5331258002996995
2023-01-25T09:00:00.000000,0.5592040552200249
2023-01-25T10:00:00.000000,0.563468893329098
2023-01-25T11:00:00.000000,0.5329929385586606
2023-01-25T12:00:00.000000,0.49075473968623046
2023-01-25T13:00:00.000000,0.4459223014395531
2023-01-25T14:00:00.000000,0.40159683938061275
2023-01-25T15:00:00.000000,0.36459000499525196
2023-01-25T16:00:00.000000,0.3438483403714542
2023-01-25T17:00:00.000000,0.3514569398088437
2023-01-25T18:00:00.000000,0.38500254296938724
2023-01-25T19:00:00.000000,0.4556593556297346
2023-01-25T20:00:00.000000,0.46777855731898765
2023-01-25T21:00:00.000000,0.45222207084469396
2023-01-25T22:00:00.000000,0.41506030881018285
2023-01-25T23:00:00.000000,0.3627604223433361
2023-01-26T00:00:00.000000,0.30067535711853605
2023-01-26T01:00:00.000000,0.25712890332252275
2023-01-26T02:00:00.000000,0.23206840324303707
2023-01-26T03:00:00.000000,0.21921238616493813
2023-01-26T04:00:00.000000,0.21517607249110007
2023-01-26T05:00:00.000000,0.2446003997365539
2023-01-26T06:00:00.000000,0.27433521088375556
2023-01-26T07:00:00.000000,0.35384301255992273
2023-01-26T08:00:00.000000,0.45957659724273836
2023-01-26T09:00:00.000000,0.5613789806023812
2023-01-26T10:00:00.000000,0.5412034252487282
2023-01-26T11:00:00.000000,0.5180903329850678
2023-01-26T12:00:00.000000,0.5071143940770432
2023-01-26T13:00:00.000000,0.4751782576118869
2023-01-26T14:00:00.000000,0.4168805512669287
2023-01-26T15:00:00.000000,0.3733187648995532
2023-01-26T16:00:00.000000,0.349916812351021
2023-01-26T17:00:00.000000,0.35319615009195593
2023-01-26T18:00:00.000000,0.3831286178012931
2023-01-26T19:00:00.000000,0.4376716909177665
2023-01-26T20:00:00.000000,0.44255706114668003
2023-01-26T21:00:00.000000,0.4300535276491501
2023-01-26T22:00:00.000000,0.3993924906928282
2023-01-26T23:00:00.000000,0.35555911195860457
2023-01-27T00:00:00.000000,0.3023275920757142
2023-01-27T01:00:00.000000,0.25975727868928206
2023-01-27T02:00:00.000000,0.23730381010735338
2023-01-27T03:00:00.000000,0.2264198152812912
2023-01-27T04:00:00.000000,0.22317359929200228
2023-01-27T05:00:00.000000,0.23997249642591217
2023-01-27T06:00:00.000000,0.32071686295869495
2023-01-27T07:00:00.000000,0.4343932421086228
2023-01-27T08:00:00.000000,0.5053985975900468
2023-01-27T09:00:00.000000,0.5537321230001213
2023-01-27T10:00:00.000000,0.5597206853511919
2023-01-27T11:00:00.000000,0.5363091342335298
2023-01-27T12:00:00.000000,0.4966932939975156
2023-01-27T13:00:00.000000,0.46789008420146255
2023-01-27T14:00:00.000000,0.4242897800776373
2023-01-27T15:00:00.000000,0.39187640423940856
2023-01-27T16:00:00.000000,0.375018655107477
2023-01-27T17:00:00.000000,0.3781969452829086
2023-01-27T18:00:00.000000,0.4085694573678745
2023-01-27T19:00:00.000000,0.4727895286294693
2023-01-27T20:00:00.000000,0.48510468625893705
2023-01-27T21:00:00.000000,0.4732104021058436
2023-01-27T22:00:00.000000,0.4378133793228713
2023-01-27T23:00:00.000000,0.3904316964691011
2023-01-28T00:00:00.000000,0.33873064270969255
2023-01-28T01:00:00.000000,0.29498770389529255
2023-01-28T02:00:00.000000,0.2727518999977437
2023-01-28T03:00:00.000000,0.2593620998661627
2023-01-28T04:00:00.000000,0.25281845197587627
2023-01-28T05:00:00.000000,0.2650211419368134
2023-01-28T06:00:00.000000,0.3007988885108453
2023-01-28T07:00:00.000000,0.36197377792901464
2023-01-28T08:00:00.000000,0.4502132471362291
2023-01-28T09:00:00.000000,0.5380817396039024
2023-01-28T10:00:00.000000,0.5905958392885521
2023-01-28T11:00:00.000000,0.5924380770888692
2023-01-28T12:00:00.000000,0.5608490891354223
2023-01-28T13:00:00.000000,0.5245763592629694
2023-01-28T14:00:00.000000,0.46443398838159794
2023-01-28T15:00:00.000000,0.42025106653355515
2023-01-28T16:00:00.000000,0.4010751338840115
2023-01-28T17:00:00.000000,0.40442177997641104
2023-01-28T18:00:00.000000,0.4226373785967263
2023-01-28T19:00:00.000000,0.48460978487792467
2023-01-28T20:00:00.000000,0.49361949714078923
2023-01-28T21:00:00.000000,0.48198400199692193
2023-01-28T22:00:00.000000,0.446288712898254
2023-01-28T23:00:00.000000,0.41190321775438915
2023-01-29T00:00:00.000000,0.37245335482115044
2023-01-29T01:00:00.000000,0.33371372798257803
2023-01-29T02:00:00.000000,0.31052033775196114
2023-01-29T03:00:00.000000,0.2920998955874441
2023-01-29T04:00:00.000000,0.2847863855093639
2023-01-29T05:00:00.000000,0.29002460560663884
2023-01-29T06:00:00.000000,0.31265808648282006
2023-01-29T07:00:00.000000,0.3564473272046417
2023-01-29T08:00:00.000000,0.4302840929725933
2023-01-29T09:00:00.000000,0.5040933996096122
2023-01-29T10:00:00.000000,0.5744317036633538
2023-01-29T11:00:00.000000,0.6045884288891948
2023-01-29T12:00:00.000000,0.6018988605928675
2023-01-29T13:00:00.000000,0.561810972149721
2023-01-29T14:00:00.000000,0.5003947159361782
2023-01-29T15:00:00.000000,0.44768811566572086
2023-01-29T16:00:00.000000,0.41957661930916623
2023-01-29T17:00:00.000000,0.4177447233443875
2023-01-29T18:00:00.000000,0.4397299033180596
2023-01-29T19:00:00.000000,0.49436364667968635
2023-01-29T20:00:00.000000,0.4978594962559643
2023-01-29T21:00:00.000000,0.4840663535071616
2023-01-29T22:00:00.000000,0.45805609639867567
2023-01-29T23:00:00.000000,0.41523888624141536
2023-01-30T00:00:00.000000,0.3649007553932457
2023-01-30T01:00:00.000000,0.3247275820611186
2023-01-30T02:00:00.000000,0.2981645759136256
2023-01-30T03:00:00.000000,0.2832576276569296
2023-01-30T04:00:00.000000,0.2771719671536255
2023-01-30T05:00:00.000000,0.2909857327556983
2023-01-30T06:00:00.000000,0.3741361399051992
2023-01-30T07:00:00.000000,0.49094662825777174
2023-01-30T08:00:00.000000,0.5599290736708452
2023-01-30T09:00:00.000000,0.5927654183773038
2023-01-30T10:00:00.000000,0.5759429310227646
2023-01-30T11:00:00.000000,0.5222535441286656
2023-01-30T12:00:00.000000,0.4834056751423437
2023-01-30T13:00:00.000000,0.44607301637708846
2023-01-30T14:00:00.000000,0.4023803475026226
2023-01-30T15:00:00.000000,0.37652751440367976
2023-01-30T16:00:00.000000,0.36742818581864617
2023-01-30T17:00:00.000000,0.372485258096717
2023-01-30T18:00:00.000000,0.40149319604464556
2023-01-30T19:00:00.000000,0.47637249387644515
2023-01-30T20:00:00.000000,0.49818549429614783
2023-01-30T21:00:00.000000,0.4892261532181314
2023-01-30T22:00:00.000000,0.46513042590828774
2023-01-30T23:00:00.000000,0.41374232321857873
2023-01-31T00:00:00.000000,0.3529605594215444
2023-01-31T01:00:00.000000,0.31034986513136287
2023-01-31T02:00:00.000000,0.28696774486026544
2023-01-31T03:00:00.000000,0.2727935716390615
2023-01-31T04:00:00.000000,0.2685905886619756
2023-01-31T05:00:00.000000,0.2788015277557494
2023-01-31T06:00:00.000000,0.3602993177233378
2023-01-31T07:00:00.000000,0.48773420676837476
2023-01-31T08:00:00.000000,0.5495695536867937
2023-01-31T09:00:00.000000,0.575372781467467
2023-01-31T10:00:00.000000,0.5625528481084456
2023-01-31T11:00:00.000000,0.5250187682752746
2023-01-31T12:00:00.000000,0.48639030305778813
2023-01-31T13:00:00.000000,0.4465923155389418
2023-01-31T14:00:00.000000,0.41141409951265145
2023-01-31T15:00:00.000000,0.3871712796101219
2023-01-31T16:00:00.000000,0.38352444746686515
2023-01-31T17:00:00.000000,0.3863145914573431
2023-01-31T18:00:00.000000,0.4141955200870731
2023-01-31T19:00:00.000000,0.4811706039720702
2023-01-31T20:00:00.000000,0.5127582579518948
2023-01-31T21:00:00.000000,0.509796464589237
2023-01-31T22:00:00.000000,0.4798002718006839
2023-01-31T23:00:00.000000,0.43618111234353396
2023-02-01T00:00:00.000000,0.38287160985320356
2023-02-01T01:00:00.000000,0.3385375432408683
2023-02-01T02:00:00.000000,0.31450620633521675
2023-02-01T03:00:00.000000,0.30009986660336807
2023-02-01T04:00:00.000000,0.2934909797893116
2023-02-01T05:00:00.000000,0.30276622730664754
2023-02-01T06:00:00.000000,0.37915276615948884
2023-02-01T07:00:00.000000,0.4866828468721137
2023-02-01T08:00:00.000000,0.5537069702245118
2023-02-01T09:00:00.000000,0.5781387689595168
2023-02-01T10:00:00.000000,0.5653772344127846
2023-02-01T11:00:00.000000,0.5379727946493196
2023-02-01T12:00:00.000000,0.49382267500960936
2023-02-01T13:00:00.000000,0.466137296979834
2023-02-01T14:00:00.000000,0.43253890984662946
2023-02-01T15:00:00.000000,0.4062635252659999
2023-02-01T16:00:00.000000,0.4019970182294719
2023-02-01T17:00:00.000000,0.4067454709735782
2023-02-01T18:00:00.000000,0.4416178224531372
2023-02-01T19:00:00.000000,0.5161587756946093
2023-02-01T20:00:00.000000,0.5394177095098251
2023-02-01T21:00:00.000000,0.5342452109876276
2023-02-01T22:00:00.000000,0.5079737507906422
2023-02-01T23:00:00.000000,0.4662766784133048
2023-02-02T00:00:00.000000,0.4166765356820293
2023-02-02T01:00:00.000000,0.36933724028907555
2023-02-02T02:00:00.000000,0.3418113369467105
2023-02-02T03:00:00.000000,0.3244908084914224
2023-02-02T04:00:00.000000,0.3154203252032577
2023-02-02T05:00:00.000000,0.32336041102078067
2023-02-02T06:00:00.000000,0.3932537650432545
2023-02-02T07:00:00.000000,0.5035600487705811
2023-02-02T08:00:00.000000,0.5562220190114985
2023-02-02T09:00:00.000000,0.5742717995032736
2023-02-02T10:00:00.000000,0.5677666967712885
2023-02-02T11:00:00.000000,0.541893339354262
2023-02-02T12:00:00.000000,0.5011690900880688
2023-02-02T13:00:00.000000,0.4770397841450528
2023-02-02T14:00:00.000000,0.44879814856627537
2023-02-02T15:00:00.000000,0.4248387555595811
2023-02-02T16:00:00.000000,0.4192381414670583
2023-02-02T17:00:00.000000,0.4153653233999391
2023-02-02T18:00:00.000000,0.43824043345750735
2023-02-02T19:00:00.000000,0.510098792188732
2023-02-02T20:00:00.000000,0.5346726944350387
2023-02-02T21:00:00.000000,0.5271332686142561
2023-02-02T22:00:00.000000,0.5153390526933718
2023-02-02T23:00:00.000000,0.4825476588251306
2023-02-03T00:00:00.000000,0.4408681947133843
2023-02-03T01:00:00.000000,0.39193420993380995
2023-02-03T02:00:00.000000,0.3621342594677408
2023-02-03T03:00:00.000000,0.3420662854055106
2023-02-03T04:00:00.000000,0.33080208943126216
2023-02-03T05:00:00.000000,0.3374968595934421
2023-02-03T06:00:00.000000,0.40185689212907144
2023-02-03T07:00:00.000000,0.5048860349519848
2023-02-03T08:00:00.000000,0.5584333235869682
2023-02-03T09:00:00.000000,0.5810056443814835
2023-02-03T10:00:00.000000,0.5867659942881586
2023-02-03T11:00:00.000000,0.5566329128156684
2023-02-03T12:00:00.000000,0.5175082866716181
2023-02-03T13:00:00.000000,0.48868522016822646
2023-02-03T14:00:00.000000,0.464633624179191
2023-02-03T15:00:00.000000,0.4365587858347487
2023-02-03T16:00:00.000000,0.42515653738056663
2023-02-03T17:00:00.000000,0.41797317775080894
2023-02-03T18:00:00.000000,0.43478807500338146
2023-02-03T19:00:00.000000,0.5023481721300477
2023-02-03T20:00:00.000000,0.5239746841134936
2023-02-03T21:00:00.000000,0.5185442824355372
2023-02-03T22:00:00.000000,0.4952687997839932
2023-02-03T23:00:00.000000,0.46934226632465215
2023-02-04T00:00:00.000000,0.43503662484824385
2023-02-04T01:00:00.000000,0.39407752147129366
2023-02-04T02:00:00.000000,0.3663930257655532
2023-02-04T03:00:00.000000,0.3464248392463718
2023-02-04T04:00:00.000000,0.33372424569450737
2023-02-04T05:00:00.000000,0.33486947330545574
2023-02-04T06:00:00.000000,0.36572329758774086
2023-02-04T07:00:00.000000,0.42122733301859894
2023-02-04T08:00:00.000000,0.49803792630561755
2023-02-04T09:00:00.000000,0.5732481564748215
2023-02-04T10:00:00.000000,0.6124157374100753
2023-02-04T11:00:00.000000,0.6020940872302216
2023-02-04T12:00:00.000000,0.5717146133093568
2023-02-04T13:00:00.000000,0.5413154901079215
2023-02-04T14:00:00.000000,0.49744780917695086
2023-02-04T15:00:00.000000,0.46855527581711687
2023-02-04T16:00:00.000000,0.46039149395316165
2023-02-04T17:00:00.000000,0.45318629742853295
2023-02-04T18:00:00.000000,0.46453164898400434
2023-02-04T19:00:00.000000,0.5238835865851548
2023-02-04T20:00:00.000000,0.5345020422819724
2023-02-04T21:00:00.000000,0.5214856033573535
2023-02-04T22:00:00.000000,0.4971517089701273
2023-02-04T23:00:00.000000,0.47089431989048086
2023-02-05T00:00:00.000000,0.4384008036275502
2023-02-05T01:00:00.000000,0.40516561910748355
2023-02-05T02:00:00.000000,0.3782143081619875
2023-02-05T03:00:00.000000,0.3567418290383467
2023-02-05T04:00:00.000000,0.3437015803178644
2023-02-05T05:00:00.000000,0.34210114001754516
2023-02-05T06:00:00.000000,0.3612022300152968
2023-02-05T07:00:00.000000,0.4019745094072488
2023-02-05T08:00:00.000000,0.46406819969879554
2023-02-05T09:00:00.000000,0.5384194258997023
2023-02-05T10:00:00.000000,0.601537671386835
2023-02-05T11:00:00.000000,0.6234520116880204
2023-02-05T12:00:00.000000,0.6123824230164099
2023-02-05T13:00:00.000000,0.5841411328388431
2023-02-05T14:00:00.000000,0.5369086086761123
2023-02-05T15:00:00.000000,0.501039266368477
2023-02-05T16:00:00.000000,0.48496599312221067
2023-02-05T17:00:00.000000,0.47427149311097405
2023-02-05T18:00:00.000000,0.47622577599964494
2023-02-05T19:00:00.000000,0.5288092647951359
2023-02-05T20:00:00.000000,0.5503531950282101
2023-02-05T21:00:00.000000,0.5397895304668432
2023-02-05T22:00:00.000000,0.5156346002562343
2023-02-05T23:00:00.000000,0.48574531927805764
2023-02-06T00:00:00.000000,0.4490366642703119
2023-02-06T01:00:00.000000,0.40714861161036037
2023-02-06T02:00:00.000000,0.3728495237239469
2023-02-06T03:00:00.000000,0.3516728522645647
2023-02-06T04:00:00.000000,0.3386735711718266
2023-02-06T05:00:00.000000,0.34573565025948216
2023-02-06T06:00:00.000000,0.41216518769798444
2023-02-06T07:00:00.000000,0.5113168063262458
2023-02-06T08:00:00.000000,0.5566224698402702
2023-02-06T09:00:00.000000,0.5867475739060114
2023-02-06T10:00:00.000000,0.5784670126019283
2023-02-06T11:00:00.000000,0.5446735404452321
2023-02-06T12:00:00.000000,0.5105591221528434
2023-02-06T13:00:00.000000,0.48077346241970137
2023-02-06T14:00:00.000000,0.4518558335954046
2023-02-06T15:00:00.000000,0.4240081764679542
2023-02-06T16:00:00.000000,0.4136115678346907
2023-02-06T17:00:00.000000,0.4125119272237335
2023-02-06T18:00:00.000000,0.4226325920934496
2023-02-06T19:00:00.000000,0.4955699011680172
2023-02-06T20:00:00.000000,0.5164997201764029
2023-02-06T21:00:00.000000,0.5156394752747878
2023-02-06T22:00:00.000000,0.5015015782051014
2023-02-06T23:00:00.000000,0.46974867363614026
2023-02-07T00:00:00.000000,0.4265607993197322
2023-02-07T01:00:00.000000,0.38461994271393435
2023-02-07T02:00:00.000000,0.35795231382027
2023-02-07T03:00:00.000000,0.3382635159326966
2023-02-07T04:00:00.000000,0.3270567266380304
2023-02-07T05:00:00.000000,0.33535627167954
2023-02-07T06:00:00.000000,0.40607031442318997
2023-02-07T07:00:00.000000,0.5130654582074587
2023-02-07T08:00:00.000000,0.5587557733619786
2023-02-07T09:00:00.000000,0.5834335265289707
2023-02-07T10:00:00.000000,0.5851150222659885
2023-02-07T11:00:00.000000,0.5444355629153962
2023-02-07T12:00:00.000000,0.5117770268758324
2023-02-07T13:00:00.000000,0.477133883816694
2023-02-07T14:00:00.000000,0.4464963302752364
2023-02-07T15:00:00.000000,0.4229582018751057
2023-02-07T16:00:00.000000,0.41630717594148003
2023-02-07T17:00:00.000000,0.41560895642639006
2023-02-07T18:00:00.000000,0.427487478459379
2023-02-07T19:00:00.000000,0.5059025132600804
2023-02-07T20:00:00.000000,0.5366373441940658
2023-02-07T21:00:00.000000,0.5367712310067809
2023-02-07T22:00:00.000000,0.5147306151677264
2023-02-07T23:00:00.000000,0.47937905878667186
2023-02-08T00:00:00.000000,0.4333961884310841
2023-02-08T01:00:00.000000,0.38802961571154176
2023-02-08T02:00:00.000000,0.35734565830090537
2023-02-08T03:00:00.000000,0.33924211515233776
2023-02-08T04:00:00.000000,0.3273207775068805
2023-02-08T05:00:00.000000,0.3367336792431784
2023-02-08T06:00:00.000000,0.4088430079155729
2023-02-08T07:00:00.000000,0.5081568579222777
2023-02-08T08:00:00.000000,0.5639792295481498
2023-02-08T09:00:00.000000,0.585991547028046
2023-02-08T10:00:00.000000,0.5829618721767544
2023-02-08T11:00:00.000000,0.5529488796457855
2023-02-08T12:00:00.000000,0.5178820161903519
2023-02-08T13:00:00.000000,0.4947271507480474
2023-02-08T14:00:00.000000,0.45878858152381374
2023-02-08T15:00:00.000000,0.4347480376590645
2023-02-08T16:00:00.000000,0.4304381107856142
2023-02-08T17:00:00.000000,0.4313710503365567
2023-02-08T18:00:00.000000,0.43757713723473746
2023-02-08T19:00:00.000000,0.515713544578372
2023-02-08T20:00:00.000000,0.5443125964355242
2023-02-08T21:00:00.000000,0.5462445716585798
2023-02-08T22:00:00.000000,0.5280287126277399
2023-02-08T23:00:00.000000,0.5032567365102095
2023-02-09T00:00:00.000000,0.4616439636095435
2023-02-09T01:00:00.000000,0.4171127701902235
2023-02-09T02:00:00.000000,0.3843034848112312
2023-02-09T03:00:00.000000,0.3633622504861813
2023-02-09T04:00:00.000000,0.34972825625321746
2023-02-09T05:00:00.000000,0.3543475519785463
2023-02-09T06:00:00.000000,0.41668079304410544
2023-02-09T07:00:00.000000,0.5167199088043988
2023-02-09T08:00:00.000000,0.5614944008583143
2023-02-09T09:00:00.000000,0.5870071751084116
2023-02-09T10:00:00.000000,0.5892291564218369
2023-02-09T11:00:00.000000,0.5624207608744257
2023-02-09T12:00:00.000000,0.5292476641781112
2023-02-09T13:00:00.000000,0.5097996870459431
2023-02-09T14:00:00.000000,0.47797918855482335
2023-02-09T15:00:00.000000,0.4593528109981096
2023-02-09T16:00:00.000000,0.4527635632055541
2023-02-09T17:00:00.000000,0.44822152931447473
2023-02-09T18:00:00.000000,0.4567514696349995
2023-02-09T19:00:00.000000,0.5230703413129543
2023-02-09T20:00:00.000000,0.5495296050425814
2023-02-09T21:00:00.000000,0.5513733321413379
2023-02-09T22:00:00.000000,0.5332291927409258
2023-02-09T23:00:00.000000,0.5120294788128054
2023-02-10T00:00:00.000000,0.4767194620677315
2023-02-10T01:00:00.000000,0.4320030604950446
2023-02-10T02:00:00.000000,0.39939484853900875
2023-02-10T03:00:00.000000,0.375980095612552
2023-02-10T04:00:00.000000,0.3624704896792151
2023-02-10T05:00:00.000000,0.3642194691451885
2023-02-10T06:00:00.000000,0.42336603512221904
2023-02-10T07:00:00.000000,0.5146071316859584
2023-02-10T08:00:00.000000,0.560394119487027
2023-02-10T09:00:00.000000,0.5896777544455467
2023-02-10T10:00:00.000000,0.5957619068894674
2023-02-10T11:00:00.000000,0.5725096059333433
2023-02-10T12:00:00.000000,0.539273925475829
2023-02-10T13:00:00.000000,0.5157371231927849
2023-02-10T14:00:00.000000,0.48191696460493744
2023-02-10T15:00:00.000000,0.4660153736145924
2023-02-10T16:00:00.000000,0.4622685019664034
2023-02-10T17:00:00.000000,0.46020513508079364
2023-02-10T18:00:00.000000,0.461825121226349
2023-02-10T19:00:00.000000,0.5264724363701423
2023-02-10T20:00:00.000000,0.5426539742128674
2023-02-10T21:00:00.000000,0.535165646228106
2023-02-10T22:00:00.000000,0.5163285216303221
2023-02-10T23:00:00.000000,0.4979450080443355
2023-02-11T00:00:00.000000,0.46178705958578237
2023-02-11T01:00:00.000000,0.41992352376058795
2023-02-11T02:00:00.000000,0.39393400210014134
2023-02-11T03:00:00.000000,0.37092522174311976
2023-02-11T04:00:00.000000,0.3560377577693931
2023-02-11T05:00:00.000000,0.35286241175945643
2023-02-11T06:00:00.000000,0.3817565007595446
2023-02-11T07:00:00.000000,0.42605417299616727
2023-02-11T08:00:00.000000,0.49601041015102193
2023-02-11T09:00:00.000000,0.56575965598124
2023-02-11T10:00:00.000000,0.6288650284820744
2023-02-11T11:00:00.000000,0.6163030269183583
2023-02-11T12:00:00.000000,0.5960195018429634
2023-02-11T13:00:00.000000,0.5676541941248736
2023-02-11T14:00:00.000000,0.526550005584725
2023-02-11T15:00:00.000000,0.4961252038331814
2023-02-11T16:00:00.000000,0.4806907320124285
2023-02-11T17:00:00.000000,0.4716462679233545
2023-02-11T18:00:00.000000,0.4693664626792434
2023-02-11T19:00:00.000000,0.5158525930227414
2023-02-11T20:00:00.000000,0.5336554696922358
2023-02-11T21:00:00.000000,0.5128165088440283
2023-02-11T22:00:00.000000,0.4884038770770119
2023-02-11T23:00:00.000000,0.47140070573521786
2023-02-12T00:00:00.000000,0.4463708791208829
2023-02-12T01:00:00.000000,0.41547567676226876
2023-02-12T02:00:00.000000,0.38653973465559754
2023-02-12T03:00:00.000000,0.3645214643080575
2023-02-12T04:00:00.000000,0.35282640936300486
2023-02-12T05:00:00.000000,0.34904583016930146
2023-02-12T06:00:00.000000,0.36462549133465166
2023-02-12T07:00:00.000000,0.4047036582097606
2023-02-12T08:00:00.000000,0.4640556771484818
2023-02-12T09:00:00.000000,0.5335645813325036
2023-02-12T10:00:00.000000,0.5979112411498045
2023-02-12T11:00:00.000000,0.6164954771849169
2023-02-12T12:00:00.000000,0.6014895137694632
2023-02-12T13:00:00.000000,0.5773187107726097
2023-02-12T14:00:00.000000,0.5358028722667694
2023-02-12T15:00:00.000000,0.5091043262680681
2023-02-12T16:00:00.000000,0.49757691964087103
2023-02-12T17:00:00.000000,0.49346677833613195
2023-02-12T18:00:00.000000,0.49200158570631264
2023-02-12T19:00:00.000000,0.539755175879402
2023-02-12T20:00:00.000000,0.5524879508654427
2023-02-12T21:00:00.000000,0.545391803461759
2023-02-12T22:00:00.000000,0.5339097710776134
2023-02-12T23:00:00.000000,0.5152163930764954
2023-02-13T00:00:00.000000,0.4865135328112131
2023-02-13T01:00:00.000000,0.450488609233105
2023-02-13T02:00:00.000000,0.4195909587879625
2023-02-13T03:00:00.000000,0.3971346810362164
2023-02-13T04:00:00.000000,0.3796070687462398
2023-02-13T05:00:00.000000,0.38162828264798954
2023-02-13T06:00:00.000000,0.4394309779334658
2023-02-13T07:00:00.000000,0.526161070081885
2023-02-13T08:00:00.000000,0.5657400490852307
2023-02-13T09:00:00.000000,0.589214794153739
2023-02-13T10:00:00.000000,0.5795415597456292
2023-02-13T11:00:00.000000,0.5534776525716859
2023-02-13T12:00:00.000000,0.5151183033224053
2023-02-13T13:00:00.000000,0.49452624179944565
2023-02-13T14:00:00.000000,0.4708018297445086
2023-02-13T15:00:00.000000,0.45280473055897313
2023-02-13T16:00:00.000000,0.44536766707576253
2023-02-13T17:00:00.000000,0.44700361381279813
2023-02-13T18:00:00.000000,0.45154512200562424
2023-02-13T19:00:00.000000,0.5225234420306057
2023-02-13T20:00:00.000000,0.5597127180264974
2023-02-13T21:00:00.000000,0.5649332827899928
2023-02-13T22:00:00.000000,0.5619405560882071
2023-02-13T23:00:00.000000,0.5444902673415224
2023-02-14T00:00:00.000000,0.508169573556966
2023-02-14T01:00:00.000000,0.46297354804175594
2023-02-14T02:00:00.000000,0.4296344009278332
2023-02-14T03:00:00.000000,0.4028716879293492
2023-02-14T04:00:00.000000,0.38613384035507026
2023-02-14T05:00:00.000000,0.3854948812311893
2023-02-14T06:00:00.000000,0.44554629195941303
2023-02-14T07:00:00.000000,0.5394683394669362
2023-02-14T08:00:00.000000,0.5795800602208211
2023-02-14T09:00:00.000000,0.5954861820534014
2023-02-14T10:00:00.000000,0.5856946668748491
2023-02-14T11:00:00.000000,0.5627465706064738
2023-02-14T12:00:00.000000,0.5235580487587317
2023-02-14T13:00:00.000000,0.5031192871322497
2023-02-14T14:00:00.000000,0.4738272923962309
2023-02-14T15:00:00.000000,0.4610095465393901
2023-02-14T16:00:00.000000,0.4598996721165283
2023-02-14T17:00:00.000000,0.4617492416807968
2023-02-14T18:00:00.000000,0.4688223525738331
2023-02-14T19:00:00.000000,0.5332019136408281
2023-02-14T20:00:00.000000,0.5585063118922305
2023-02-14T21:00:00.000000,0.5562684330255572
2023-02-14T22:00:00.000000,0.544521544225881
2023-02-14T23:00:00.000000,0.5350171060261393
2023-02-15T00:00:00.000000,0.5050834503823579
2023-02-15T01:00:00.000000,0.46846124005083856
2023-02-15T02:00:00.000000,0.4361935210576783
2023-02-15T03:00:00.000000,0.41052504849174654
2023-02-15T04:00:00.000000,0.3931104051011131
2023-02-15T05:00:00.000000,0.393417944716903
2023-02-15T06:00:00.000000,0.45132267053054254
2023-02-15T07:00:00.000000,0.5381010031208178
2023-02-15T08:00:00.000000,0.5752010254123913
2023-02-15T09:00:00.000000,0.6000065312855275
2023-02-15T10:00:00.000000,0.6007535498540019
2023-02-15T11:00:00.000000,0.5692393838746362
2023-02-15T12:00:00.000000,0.537459485967778
2023-02-15T13:00:00.000000,0.5121170084708042
2023-02-15T14:00:00.000000,0.4803075345519465
2023-02-15T15:00:00.000000,0.46575862683905794
2023-02-15T16:00:00.000000,0.46091382653857976
2023-02-15T17:00:00.000000,0.45697617136999075
2023-02-15T18:00:00.000000,0.46593156791940477
2023-02-15T19:00:00.000000,0.5356616067050074
2023-02-15T20:00:00.000000,0.5702546030047748
2023-02-15T21:00:00.000000,0.5776235648199739
2023-02-15T22:00:00.000000,0.5736366737264543
2023-02-15T23:00:00.000000,0.5661209229740296
2023-02-16T00:00:00.000000,0.5300427970533919
2023-02-16T01:00:00.000000,0.48768441902387827
2023-02-16T02:00:00.000000,0.4531516925199767
2023-02-16T03:00:00.000000,0.427666347673209
2023-02-16T04:00:00.000000,0.4092708477065895
2023-02-16T05:00:00.000000,0.4071987583168372
2023-02-16T06:00:00.000000,0.46122534991878095
2023-02-16T07:00:00.000000,0.5406421816239871
2023-02-16T08:00:00.000000,0.5773312045216873
2023-02-16T09:00:00.000000,0.6036754339118865
2023-02-16T10:00:00.000000,0.6110411882510064
2023-02-16T11:00:00.000000,0.5738165109034292
2023-02-16T12:00:00.000000,0.5439478415665342
2023-02-16T13:00:00.000000,0.5215395553775343
2023-02-16T14:00:00.000000,0.49854948038365404
2023-02-16T15:00:00.000000,0.48862796804415587
2023-02-16T16:00:00.000000,0.48497080356944666
2023-02-16T17:00:00.000000,0.483462026302323
2023-02-16T18:00:00.000000,0.4830655777832207
2023-02-16T19:00:00.000000,0.5452388793698216
2023-02-16T20:00:00.000000,0.5801742139344468
2023-02-16T21:00:00.000000,0.5929420496272332
2023-02-16T22:00:00.000000,0.6040893067764506
2023-02-16T23:00:00.000000,0.603159140981418
2023-02-17T00:00:00.000000,0.584204915480424
2023-02-17T01:00:00.000000,0.5357564279359475
2023-02-17T02:00:00.000000,0.49570169039145695
2023-02-17T03:00:00.000000,0.4646058274021374
2023-02-17T04:00:00.000000,0.44275985320285016
2023-02-17T05:00:00.000000,0.4402066012766664
2023-02-17T06:00:00.000000,0.4873415773319752
2023-02-17T07:00:00.000000,0.5573675770650771
2023-02-17T08:00:00.000000,0.5843127307504128
2023-02-17T09:00:00.000000,0.6135619564492147
2023-02-17T10:00:00.000000,0.617038546231008
2023-02-17T11:00:00.000000,0.594502924887122
2023-02-17T12:00:00.000000,0.5680441513378905
2023-02-17T13:00:00.000000,0.5521116647388565
2023-02-17T14:00:00.000000,0.5282070330745897
2023-02-17T15:00:00.000000,0.5256013076255908
2023-02-17T16:00:00.000000,0.5275520270420593
2023-02-17T17:00:00.000000,0.5245250105647156
2023-02-17T18:00:00.000000,0.5120876759858621
2023-02-17T19:00:00.000000,0.5676116189586548
2023-02-17T20:00:00.000000,0.6023845948649605
2023-02-17T21:00:00.000000,0.6143757252417513
2023-02-17T22:00:00.000000,0.6130727131265986
2023-02-17T23:00:00.000000,0.6219703012115115
2023-02-18T00:00:00.000000,0.6170147529328127
2023-02-18T01:00:00.000000,0.5812987691077147
2023-02-18T02:00:00.000000,0.5410037548880189
2023-02-18T03:00:00.000000,0.5116809233913963
2023-02-18T04:00:00.000000,0.4843483380732311
2023-02-18T05:00:00.000000,0.46979615145320625
2023-02-18T06:00:00.000000,0.4776840503066437
2023-02-18T07:00:00.000000,0.5078951870944812
2023-02-18T08:00:00.000000,0.5591093680561753
2023-02-18T09:00:00.000000,0.6282234792078794
2023-02-18T10:00:00.000000,0.6771982975129466
2023-02-18T11:00:00.000000,0.6701923410308259
2023-02-18T12:00:00.000000,0.6341473118040637
2023-02-18T13:00:00.000000,0.6119952212664792
2023-02-18T14:00:00.000000,0.6015844946767178
2023-02-18T15:00:00.000000,0.6004047296246046
2023-02-18T16:00:00.000000,0.5946175934569072
2023-02-18T17:00:00.000000,0.5774074534989706
2023-02-18T18:00:00.000000,0.5504169203760121
2023-02-18T19:00:00.000000,0.581513855863467
2023-02-18T20:00:00.000000,0.6077331422604396
2023-02-18T21:00:00.000000,0.6078532770495482
2023-02-18T22:00:00.000000,0.6107148411464185
2023-02-18T23:00:00.000000,0.624827638302601
2023-02-19T00:00:00.000000,0.6149583268508432
2023-02-19T01:00:00.000000,0.5789879314560076
2023-02-19T02:00:00.000000,0.5411536238970487
2023-02-19T03:00:00.000000,0.508285688884938
2023-02-19T04:00:00.000000,0.48218087258018366
2023-02-19T05:00:00.000000,0.46779738474881744
2023-02-19T06:00:00.000000,0.467440322903463
2023-02-19T07:00:00.000000,0.48435764004714826
2023-02-19T08:00:00.000000,0.5320282429337063
2023-02-19T09:00:00.000000,0.5919206017179264
2023-02-19T10:00:00.000000,0.6465329120121027
2023-02-19T11:00:00.000000,0.6715808892251579
2023-02-19T12:00:00.000000,0.6685237205162514
2023-02-19T13:00:00.000000,0.6545623371707204
2023-02-19T14:00:00.000000,0.6389848144107265
2023-02-19T15:00:00.000000,0.6317248112934535
2023-02-19T16:00:00.000000,0.6197870454899698
2023-02-19T17:00:00.000000,0.6028094050587806
2023-02-19T18:00:00.000000,0.556792972924835
2023-02-19T19:00:00.000000,0.5810630789098702
2023-02-19T20:00:00.000000,0.6004853713929481
2023-02-19T21:00:00.000000,0.6072382214107593
2023-02-19T22:00:00.000000,0.626056510509449
2023-02-19T23:00:00.000000,0.6413498174207344
2023-02-20T00:00:00.000000,0.6304276431448467
2023-02-20T01:00:00.000000,0.5806029775018325
2023-02-20T02:00:00.000000,0.5352962814607141
2023-02-20T03:00:00.000000,0.5015691968756291
2023-02-20T04:00:00.000000,0.47741126465941847
2023-02-20T05:00:00.000000,0.4702312861593239
2023-02-20T06:00:00.000000,0.5128744103248789
2023-02-20T07:00:00.000000,0.5791870493992005
2023-02-20T08:00:00.000000,0.6071223854027584
2023-02-20T09:00:00.000000,0.6228919249682963
2023-02-20T10:00:00.000000,0.6294755123384
2023-02-20T11:00:00.000000,0.610329231659287
2023-02-20T12:00:00.000000,0.5820398299993368
2023-02-20T13:00:00.000000,0.573796954992656
2023-02-20T14:00:00.000000,0.5592576293823098
2023-02-20T15:00:00.000000,0.5476073900946049
2023-02-20T16:00:00.000000,0.5331509467547827
2023-02-20T17:00:00.000000,0.5280639903814126
2023-02-20T18:00:00.000000,0.519364304321698
2023-02-20T19:00:00.000000,0.5805936365862917
2023-02-20T20:00:00.000000,0.6278294518412924
2023-02-20T21:00:00.000000,0.643880240722166
2023-02-20T22:00:00.000000,0.6563305694862337
2023-02-20T23:00:00.000000,0.6578819792711441
2023-02-21T00:00:00.000000,0.6157477662158242
2023-02-21T01:00:00.000000,0.5590787005058044
2023-02-21T02:00:00.000000,0.5173578511107673
2023-02-21T03:00:00.000000,0.48582593195035984
2023-02-21T04:00:00.000000,0.4616237438445628
2023-02-21T05:00:00.000000,0.4569018694712475
2023-02-21T06:00:00.000000,0.5032636855825168
2023-02-21T07:00:00.000000,0.5765332709572493
2023-02-21T08:00:00.000000,0.6041235046447966
2023-02-21T09:00:00.000000,0.6209657154314018
2023-02-21T10:00:00.000000,0.6168341018957892
2023-02-21T11:00:00.000000,0.5929559357526388
2023-02-21T12:00:00.000000,0.5640055247388086
2023-02-21T13:00:00.000000,0.5436229588540681
2023-02-21T14:00:00.000000,0.51727453775897
2023-02-21T15:00:00.000000,0.5147258186678584
2023-02-21T16:00:00.000000,0.5241014121525363
2023-02-21T17:00:00.000000,0.5185878212838032
2023-02-21T18:00:00.000000,0.5072386520557701
2023-02-21T19:00:00.000000,0.5647721724798466
2023-02-21T20:00:00.000000,0.6006209950160207
2023-02-21T21:00:00.000000,0.6149947491378372
2023-02-21T22:00:00.000000,0.6218415174101672
2023-02-21T23:00:00.000000,0.6272827010790976
2023-02-22T00:00:00.000000,0.5885312652770972
2023-02-22T01:00:00.000000,0.5414990444869153
2023-02-22T02:00:00.000000,0.4996194391360429
2023-02-22T03:00:00.000000,0.4664151593262561
2023-02-22T04:00:00.000000,0.44098186494036545
2023-02-22T05:00:00.000000,0.43559364122121097
2023-02-22T06:00:00.000000,0.48323018424495273
2023-02-22T07:00:00.000000,0.5576014234086474
2023-02-22T08:00:00.000000,0.5856755869897775
2023-02-22T09:00:00.000000,0.6127097754703587
2023-02-22T10:00:00.000000,0.6101871893858694
2023-02-22T11:00:00.000000,0.5825195225840846
2023-02-22T12:00:00.000000,0.5509464693746275
2023-02-22T13:00:00.000000,0.5422791164206044
2023-02-22T14:00:00.000000,0.5219131189290326
2023-02-22T15:00:00.000000,0.5085680512046201
2023-02-22T16:00:00.000000,0.5019833900520654
2023-02-22T17:00:00.000000,0.5046622267297824
2023-02-22T18:00:00.000000,0.49589285553301815
2023-02-22T19:00:00.000000,0.5593881902186181
2023-02-22T20:00:00.000000,0.595697768762678
2023-02-22T21:00:00.000000,0.604681172811683
2023-02-22T22:00:00.000000,0.6046189038132214
2023-02-22T23:00:00.000000,0.5952818218696475
2023-02-23T00:00:00.000000,0.5595306255772575
2023-02-23T01:00:00.000000,0.5091356806559926
2023-02-23T02:00:00.000000,0.46732213737019085
2023-02-23T03:00:00.000000,0.4405854790385453
2023-02-23T04:00:00.000000,0.4177863305625
2023-02-23T05:00:00.000000,0.41079264364709883
2023-02-23T06:00:00.000000,0.46210890375476305
2023-02-23T07:00:00.000000,0.5382605806698698
2023-02-23T08:00:00.000000,0.5726265963916505
2023-02-23T09:00:00.000000,0.5991905534157727
2023-02-23T10:00:00.000000,0.5989112552650006
2023-02-23T11:00:00.000000,0.5781163817375091
2023-02-23T12:00:00.000000,0.5409669579101509
2023-02-23T13:00:00.000000,0.5210438339763277
2023-02-23T14:00:00.000000,0.5031461067754559
2023-02-23T15:00:00.000000,0.4883256695636773
2023-02-23T16:00:00.000000,0.48736788311458284
2023-02-23T17:00:00.000000,0.4865109633078458
2023-02-23T18:00:00.000000,0.4858679082141702
2023-02-23T19:00:00.000000,0.5491067730850314
2023-02-23T20:00:00.000000,0.5922228134353159
2023-02-23T21:00:00.000000,0.6022239835055178
2023-02-23T22:00:00.000000,0.6005423890391538
2023-02-23T23:00:00.000000,0.5934338225513196
2023-02-24T00:00:00.000000,0.5628548451415641
2023-02-24T01:00:00.000000,0.5133151889760261
2023-02-24T02:00:00.000000,0.4760225752137892
2023-02-24T03:00:00.000000,0.4480915858035421
2023-02-24T04:00:00.000000,0.42700655766759654
2023-02-24T05:00:00.000000,0.42155502879929696
2023-02-24T06:00:00.000000,0.46822038103677854
2023-02-24T07:00:00.000000,0.5403156402303959
2023-02-24T08:00:00.000000,0.5771762959681009
2023-02-24T09:00:00.000000,0.6072466936930982
2023-02-24T10:00:00.000000,0.6182690458784722
2023-02-24T11:00:00.000000,0.595872953634174
2023-02-24T12:00:00.000000,0.5719937973505846
2023-02-24T13:00:00.000000,0.5492495350690869
2023-02-24T14:00:00.000000,0.5309082335229967
2023-02-24T15:00:00.000000,0.5215585467909475
2023-02-24T16:00:00.000000,0.5190150324337569
2023-02-24T17:00:00.000000,0.5030427053354058
2023-02-24T18:00:00.000000,0.49918414877130957
2023-02-24T19:00:00.000000,0.553576112464023
2023-02-24T20:00:00.000000,0.5856265220278963
2023-02-24T21:00:00.000000,0.5974159397830398
2023-02-24T22:00:00.000000,0.5902511622758452
2023-02-24T23:00:00.000000,0.5915200132831498
2023-02-25T00:00:00.000000,0.5804816246300629
2023-02-25T01:00:00.000000,0.5439339635142882
2023-02-25T02:00:00.000000,0.5036483281063636
2023-02-25T03:00:00.000000,0.4740710278722531
2023-02-25T04:00:00.000000,0.44947495472415017
2023-02-25T05:00:00.000000,0.43673216730710546
2023-02-25T06:00:00.000000,0.4538869749569415
2023-02-25T07:00:00.000000,0.4805953800627199
2023-02-25T08:00:00.000000,0.5267376440969964
2023-02-25T09:00:00.000000,0.5884908243711736
2023-02-25T10:00:00.000000,0.6348600578583496
2023-02-25T11:00:00.000000,0.6356400953916171
2023-02-25T12:00:00.000000,0.6275670847502568
2023-02-25T13:00:00.000000,0.6069865300534418
2023-02-25T14:00:00.000000,0.5796681608408556
2023-02-25T15:00:00.000000,0.5833769072802408
2023-02-25T16:00:00.000000,0.5780787201625203
2023-02-25T17:00:00.000000,0.5507794581944276
2023-02-25T18:00:00.000000,0.5385244088229417
2023-02-25T19:00:00.000000,0.576066437040471
2023-02-25T20:00:00.000000,0.5925175184898996
2023-02-25T21:00:00.000000,0.5870620805369202
2023-02-25T22:00:00.000000,0.5728387054044515
2023-02-25T23:00:00.000000,0.5736513820204865
2023-02-26T00:00:00.000000,0.5647121328617626
2023-02-26T01:00:00.000000,0.5368741240306727
2023-02-26T02:00:00.000000,0.5034765712528302
2023-02-26T03:00:00.000000,0.4735377957426261
2023-02-26T04:00:00.000000,0.44593121855847223
2023-02-26T05:00:00.000000,0.431068062482148
2023-02-26T06:00:00.000000,0.43486635762462805
2023-02-26T07:00:00.000000,0.4569482830590823
2023-02-26T08:00:00.000000,0.5038874486455648
2023-02-26T09:00:00.000000,0.5658372476217709
2023-02-26T10:00:00.000000,0.6232350330645701
2023-02-26T11:00:00.000000,0.6464658698947643
2023-02-26T12:00:00.000000,0.6443745633499601
2023-02-26T13:00:00.000000,0.6388069824669355
2023-02-26T14:00:00.000000,0.6242544711517316
2023-02-26T15:00:00.000000,0.6102185701102936
2023-02-26T16:00:00.000000,0.6026002548666375
2023-02-26T17:00:00.000000,0.5818270861712912
2023-02-26T18:00:00.000000,0.550265918179026
2023-02-26T19:00:00.000000,0.5781947972052516
2023-02-26T20:00:00.000000,0.608096893263613
2023-02-26T21:00:00.000000,0.615089820490847
2023-02-26T22:00:00.000000,0.6187216179992534
2023-02-26T23:00:00.000000,0.6272050183464019
2023-02-27T00:00:00.000000,0.601294412482568
2023-02-27T01:00:00.000000,0.5627486270920518
2023-02-27T02:00:00.000000,0.5196265472454692
2023-02-27T03:00:00.000000,0.4876353077057232
2023-02-27T04:00:00.000000,0.4581531773012527
2023-02-27T05:00:00.000000,0.45180262440874785
2023-02-27T06:00:00.000000,0.4904792597597963
2023-02-27T07:00:00.000000,0.5573605728360608
2023-02-27T08:00:00.000000,0.5833223401704607
2023-02-27T09:00:00.000000,0.6070546461189752
2023-02-27T10:00:00.000000,0.5961513830459748
2023-02-27T11:00:00.000000,0.5717728055452713
2023-02-27T12:00:00.000000,0.545466813435926
2023-02-27T13:00:00.000000,0.5275961806766724
2023-02-27T14:00:00.000000,0.5112423700732529
2023-02-27T15:00:00.000000,0.5059272540983633
2023-02-27T16:00:00.000000,0.5052668672203764
2023-02-27T17:00:00.000000,0.4994746413152523
2023-02-27T18:00:00.000000,0.4902273995900742
2023-02-27T19:00:00.000000,0.551630456587156
2023-02-27T20:00:00.000000,0.596234723463628
2023-02-27T21:00:00.000000,0.60953408471583
2023-02-27T22:00:00.000000,0.6281380174838108
2023-02-27T23:00:00.000000,0.6307793159076498
2023-02-28T00:00:00.000000,0.5982128439968706
2023-02-28T01:00:00.000000,0.5452569667505847
2023-02-28T02:00:00.000000,0.5024298116155926
2023-02-28T03:00:00.000000,0.4684462409931444
2023-02-28T04:00:00.000000,0.44253633127875497
2023-02-28T05:00:00.000000,0.43785442351102966
2023-02-28T06:00:00.000000,0.48100655495745814
2023-02-28T07:00:00.000000,0.5534288070845634
2023-02-28T08:00:00.000000,0.5810997786073983
2023-02-28T09:00:00.000000,0.5988625539950952
2023-02-28T10:00:00.000000,0.6016124508888815
2023-02-28T11:00:00.000000,0.5770874774794332
2023-02-28T12:00:00.000000,0.5544343050641409
2023-02-28T13:00:00.000000,0.5251048644424716
2023-02-28T14:00:00.000000,0.5021423392523816
2023-02-28T15:00:00.000000,0.49851091911605283
2023-02-28T16:00:00.000000,0.5032877610385087
2023-02-28T17:00:00.000000,0.5004901326501889
2023-02-28T18:00:00.000000,0.5020774190747116
2023-02-28T19:00:00.000000,0.5573355116041747
2023-02-28T20:00:00.000000,0.6015280171945926
2023-02-28T21:00:00.000000,0.6135762483716892
2023-02-28T22:00:00.000000,0.6211000000000021
2023-02-28T23:00:00.000000,0.623176487190621
2023-03-01T00:00:00.000000,0.5996031979256691
2023-03-01T01:00:00.000000,0.5409947493517685
2023-03-01T02:00:00.000000,0.49941964131374594
2023-03-01T03:00:00.000000,0.46676244598098976
2023-03-01T04:00:00.000000,0.4457498703543657
2023-03-01T05:00:00.000000,0.43907875972342536
2023-03-01T06:00:00.000000,0.4812267070008632
2023-03-01T07:00:00.000000,0.5570473422644759
2023-03-01T08:00:00.000000,0.5873271823681981
2023-03-01T09:00:00.000000,0.6025667732734041
2023-03-01T10:00:00.000000,0.601161725300372
2023-03-01T11:00:00.000000,0.5796629354308933
2023-03-01T12:00:00.000000,0.5538590197942787
2023-03-01T13:00:00.000000,0.5313361569712213
2023-03-01T14:00:00.000000,0.507859143363447
2023-03-01T15:00:00.000000,0.5042296970220936
2023-03-01T16:00:00.000000,0.5093603319358684
2023-03-01T17:00:00.000000,0.49835993429016057
2023-03-01T18:00:00.000000,0.5014513444579028
2023-03-01T19:00:00.000000,0.5571225574961124
2023-03-01T20:00:00.000000,0.6025273917835419
2023-03-01T21:00:00.000000,0.6177200250691496
2023-03-01T22:00:00.000000,0.6314426651106498
2023-03-01T23:00:00.000000,0.6401478215767549
2023-03-02T00:00:00.000000,0.6060012458114945
2023-03-02T01:00:00.000000,0.5604559884869815
2023-03-02T02:00:00.000000,0.522005133602545
2023-03-02T03:00:00.000000,0.49104005928344335
2023-03-02T04:00:00.000000,0.4656020276656116
2023-03-02T05:00:00.000000,0.46038432290771536
2023-03-02T06:00:00.000000,0.49394730623818506
2023-03-02T07:00:00.000000,0.5534217004639984
2023-03-02T08:00:00.000000,0.5909717562662393
2023-03-02T09:00:00.000000,0.61944886912817
2023-03-02T10:00:00.000000,0.6109339089717979
2023-03-02T11:00:00.000000,0.595323538887819
2023-03-02T12:00:00.000000,0.5707479863393294
2023-03-02T13:00:00.000000,0.5553837876151854
2023-03-02T14:00:00.000000,0.5382201387546478
2023-03-02T15:00:00.000000,0.5280839830745183
2023-03-02T16:00:00.000000,0.5201828940868249
2023-03-02T17:00:00.000000,0.5087832334557697
2023-03-02T18:00:00.000000,0.504417209012614
2023-03-02T19:00:00.000000,0.5694088751422988
2023-03-02T20:00:00.000000,0.6121075827146754
2023-03-02T21:00:00.000000,0.6465975709196956
2023-03-02T22:00:00.000000,0.6502130809836474
2023-03-02T23:00:00.000000,0.6658641045448676
2023-03-03T00:00:00.000000,0.6423182740141344
2023-03-03T01:00:00.000000,0.5981658944851278
2023-03-03T02:00:00.000000,0.5484360868544128
2023-03-03T03:00:00.000000,0.5065556077460186
2023-03-03T04:00:00.000000,0.4834339944915357
2023-03-03T05:00:00.000000,0.475792535815702
2023-03-03T06:00:00.000000,0.5133515596643669
2023-03-03T07:00:00.000000,0.5733123171851291
2023-03-03T08:00:00.000000,0.5971481948032541
2023-03-03T09:00:00.000000,0.6211373294326152
2023-03-03T10:00:00.000000,0.627585577313204
2023-03-03T11:00:00.000000,0.6151604561276117
2023-03-03T12:00:00.000000,0.594043135663805
2023-03-03T13:00:00.000000,0.5846801127506512
2023-03-03T14:00:00.000000,0.5669561364170276
2023-03-03T15:00:00.000000,0.5686096269246432
2023-03-03T16:00:00.000000,0.5626985713370539
2023-03-03T17:00:00.000000,0.5456750806158833
2023-03-03T18:00:00.000000,0.5461337476242292
2023-03-03T19:00:00.000000,0.5967398082302979
2023-03-03T20:00:00.000000,0.6419329276105055
2023-03-03T21:00:00.000000,0.6519717702327643
2023-03-03T22:00:00.000000,0.6699545590433484
2023-03-03T23:00:00.000000,0.6843193252188806
2023-03-04T00:00:00.000000,0.6665903445640349
2023-03-04T01:00:00.000000,0.6309125958006899
2023-03-04T02:00:00.000000,0.5805106044200969
2023-03-04T03:00:00.000000,0.5425361441946389
2023-03-04T04:00:00.000000,0.5133166252680273
2023-03-04T05:00:00.000000,0.4983150330127591
2023-03-04T06:00:00.000000,0.5064359170328876
2023-03-04T07:00:00.000000,0.5266266479842066
2023-03-04T08:00:00.000000,0.5533319321486948
2023-03-04T09:00:00.000000,0.6227264235064295
2023-03-04T10:00:00.000000,0.6621682731094283
2023-03-04T11:00:00.000000,0.6769960511230984
2023-03-04T12:00:00.000000,0.6735285762812685
2023-03-04T13:00:00.000000,0.6577419005562393
2023-03-04T14:00:00.000000,0.6452723354564769
2023-03-04T15:00:00.000000,0.6371927600849269
2023-03-04T16:00:00.000000,0.6256272611464961
2023-03-04T17:00:00.000000,0.5961857324840759
2023-03-04T18:00:00.000000,0.5841009554140109
2023-03-04T19:00:00.000000,0.6261363057324795
2023-03-04T20:00:00.000000,0.6699341853849057
2023-03-04T21:00:00.000000,0.6930001486231115
2023-03-04T22:00:00.000000,0.7064094142126182
2023-03-04T23:00:00.000000,0.7181086222637408
2023-03-05T00:00:00.000000,0.7112502329324084
2023-03-05T01:00:00.000000,0.6701814755209228
2023-03-05T02:00:00.000000,0.6222601643232282
2023-03-05T03:00:00.000000,0.5864697399627272
2023-03-05T04:00:00.000000,0.555240874057761
2023-03-05T05:00:00.000000,0.5283368904698387
2023-03-05T06:00:00.000000,0.5196542802091907
2023-03-05T07:00:00.000000,0.5181532321243306
2023-03-05T08:00:00.000000,0.5409912553727649
2023-03-05T09:00:00.000000,0.5905563908182312
2023-03-05T10:00:00.000000,0.6517480518380503
2023-03-05T11:00:00.000000,0.6788140140606449
2023-03-05T12:00:00.000000,0.6832810011858376
2023-03-05T13:00:00.000000,0.687873962391999
2023-03-05T14:00:00.000000,0.6884514940386677
2023-03-05T15:00:00.000000,0.7188272167044266
2023-03-05T16:00:00.000000,0.7105310984519614
2023-03-05T17:00:00.000000,0.6604363112636041
2023-03-05T18:00:00.000000,0.6141716863642191
2023-03-05T19:00:00.000000,0.6494223958995198
2023-03-05T20:00:00.000000,0.6837213114754055
2023-03-05T21:00:00.000000,0.7047807006396407
2023-03-05T22:00:00.000000,0.7368918117507471
2023-03-05T23:00:00.000000,0.7646925488202514
2023-03-06T00:00:00.000000,0.7497699247486307
2023-03-06T01:00:00.000000,0.6954564406315176
2023-03-06T02:00:00.000000,0.6371923863324948
2023-03-06T03:00:00.000000,0.5895293100904261
2023-03-06T04:00:00.000000,0.5606476887080782
2023-03-06T05:00:00.000000,0.5421434113430287
2023-03-06T06:00:00.000000,0.56940134935695
2023-03-06T07:00:00.000000,0.6041413662239103
2023-03-06T08:00:00.000000,0.6102335940299756
2023-03-06T09:00:00.000000,0.6159381378088886
2023-03-06T10:00:00.000000,0.6054381378088866
2023-03-06T11:00:00.000000,0.5827431685923999
2023-03-06T12:00:00.000000,0.5640847389727603
2023-03-06T13:00:00.000000,0.5537605001265149
2023-03-06T14:00:00.000000,0.5645219399051076
2023-03-06T15:00:00.000000,0.5775404647435947
2023-03-06T16:00:00.000000,0.5702144694669382
2023-03-06T17:00:00.000000,0.5448848465675457
2023-03-06T18:00:00.000000,0.5397593799430542
2023-03-06T19:00:00.000000,0.5950501950859439
2023-03-06T20:00:00.000000,0.6219226405146105
2023-03-06T21:00:00.000000,0.6167754624259197
2023-03-06T22:00:00.000000,0.635470503870245
2023-03-06T23:00:00.000000,0.6554293126357751
2023-03-07T00:00:00.000000,0.6555198398632094
2023-03-07T01:00:00.000000,0.6247160074230036
2023-03-07T02:00:00.000000,0.5842736712608685
2023-03-07T03:00:00.000000,0.5417096061218967
2023-03-07T04:00:00.000000,0.5076626493463164
2023-03-07T05:00:00.000000,0.48876364091440117
2023-03-07T06:00:00.000000,0.48757936342399083
2023-03-07T07:00:00.000000,0.4824925329551089
2023-03-07T08:00:00.000000,0.49277131653595657
2023-03-07T09:00:00.000000,0.5299137855488525
2023-03-07T10:00:00.000000,0.5423865462056859
2023-03-07T11:00:00.000000,0.5408373359484216
2023-03-07T12:00:00.000000,0.594369875018267
2023-03-07T13:00:00.000000,0.6736656790535609
2023-03-07T14:00:00.000000,0.6502956732274405
2023-03-07T15:00:00.000000,0.606777415988311
2023-03-07T16:00:00.000000,0.600252035065746
2023-03-07T17:00:00.000000,0.5466895370215614
2023-03-07T18:00:00.000000,0.5457456543540041
2023-03-07T19:00:00.000000,0.5917612610730384
2023-03-07T20:00:00.000000,0.6132535467290708
2023-03-07T21:00:00.000000,0.6443648854629417
2023-03-07T22:00:00.000000,0.6611220494730407
2023-03-07T23:00:00.000000,0.6890760386725908
2023-03-08T00:00:00.000000,0.6594151472650766
2023-03-08T01:00:00.000000,0.6072242313086641
2023-03-08T02:00:00.000000,0.5588554320854393
2023-03-08T03:00:00.000000,0.5233482782428581
2023-03-08T04:00:00.000000,0.4794421170285481
2023-03-08T05:00:00.000000,0.47292370284483715
2023-03-08T06:00:00.000000,0.5011407304650247
2023-03-08T07:00:00.000000,0.5585715143484202
2023-03-08T08:00:00.000000,0.5828061363918696
2023-03-08T09:00:00.000000,0.6083408167495842
2023-03-08T10:00:00.000000,0.6090128109452716
2023-03-08T11:00:00.000000,0.5909829187396357
2023-03-08T12:00:00.000000,0.5771618781094556
2023-03-08T13:00:00.000000,0.5617310945273625
2023-03-08T14:00:00.000000,0.5514902363184052
2023-03-08T15:00:00.000000,0.5531627072968526
2023-03-08T16:00:00.000000,0.5546100538971804
2023-03-08T17:00:00.000000,0.5233083126036537
2023-03-08T18:00:00.000000,0.5175150912106182
2023-03-08T19:00:00.000000,0.5812216003316854
2023-03-08T20:00:00.000000,0.6316129145936937
2023-03-08T21:00:00.000000,0.638026616915421
2023-03-08T22:00:00.000000,0.6724769900497504
2023-03-08T23:00:00.000000,0.6941055762852427
2023-03-09T00:00:00.000000,0.6728624471703856
2023-03-09T01:00:00.000000,0.6202075662302847
2023-03-09T02:00:00.000000,0.573367590969999
2023-03-09T03:00:00.000000,0.5276183073909925
2023-03-09T04:00:00.000000,0.5033991547263246
2023-03-09T05:00:00.000000,0.48330025770539387
2023-03-09T06:00:00.000000,0.5175801669930956
2023-03-09T07:00:00.000000,0.5760359344397443
2023-03-09T08:00:00.000000,0.5833222348211562
2023-03-09T09:00:00.000000,0.6095411813215109
2023-03-09T10:00:00.000000,0.6146320379342359
2023-03-09T11:00:00.000000,0.6025297237067515
2023-03-09T12:00:00.000000,0.5799449683263497
2023-03-09T13:00:00.000000,0.5593559622805003
2023-03-09T14:00:00.000000,0.5620790902148617
2023-03-09T15:00:00.000000,0.5667401085632937
2023-03-09T16:00:00.000000,0.5697495614125606
2023-03-09T17:00:00.000000,0.5563059328681743
2023-03-09T18:00:00.000000,0.5350629618925725
2023-03-09T19:00:00.000000,0.58580754304117
2023-03-09T20:00:00.000000,0.6340069357002788
2023-03-09T21:00:00.000000,0.6500063480904065
2023-03-09T22:00:00.000000,0.6714948408841875
2023-03-09T23:00:00.000000,0.6962362440809622
2023-03-10T00:00:00.000000,0.686069712331023
2023-03-10T01:00:00.000000,0.6479599406528107
2023-03-10T02:00:00.000000,0.6009189127926191
2023-03-10T03:00:00.000000,0.5576773821299053
2023-03-10T04:00:00.000000,0.5249006552917932
2023-03-10T05:00:00.000000,0.5082746581980926
2023-03-10T06:00:00.000000,0.5336662817313831
2023-03-10T07:00:00.000000,0.5748359969480107
2023-03-10T08:00:00.000000,0.5759591255929053
2023-03-10T09:00:00.000000,0.6127382861330303
2023-03-10T10:00:00.000000,0.6168458554248029
2023-03-10T11:00:00.000000,0.6036991034096262
2023-03-10T12:00:00.000000,0.5837274451485004
2023-03-10T13:00:00.000000,0.5536075550891961
2023-03-10T14:00:00.000000,0.5542109096895054
2023-03-10T15:00:00.000000,0.5604246383670454
2023-03-10T16:00:00.000000,0.5525429741352766
2023-03-10T17:00:00.000000,0.5432472631492332
2023-03-10T18:00:00.000000,0.5276593341015755
2023-03-10T19:00:00.000000,0.5834926331385321
2023-03-10T20:00:00.000000,0.6304148148148155
2023-03-10T21:00:00.000000,0.6353572780772795
2023-03-10T22:00:00.000000,0.6541921684019919
2023-03-10T23:00:00.000000,0.6876009712333845
2023-03-11T00:00:00.000000,0.6873586992136325
2023-03-11T01:00:00.000000,0.6560405267038018
2023-03-11T02:00:00.000000,0.611817394331586
2023-03-11T03:00:00.000000,0.5724446059960654
2023-03-11T04:00:00.000000,0.5442956462975044
2023-03-11T05:00:00.000000,0.52362148489503
2023-03-11T06:00:00.000000,0.5217466461853605
2023-03-11T07:00:00.000000,0.533972514080909
2023-03-11T08:00:00.000000,0.5532846902201775
2023-03-11T09:00:00.000000,0.6122147114852815
2023-03-11T10:00:00.000000,0.6616927220958941
2023-03-11T11:00:00.000000,0.6734890718777533
2023-03-11T12:00:00.000000,0.6678935250619632
2023-03-11T13:00:00.000000,0.6555462422417482
2023-03-11T14:00:00.000000,0.6649105844275485
2023-03-11T15:00:00.000000,0.6914524653297063
2023-03-11T16:00:00.000000,0.6769731036319314
2023-03-11T17:00:00.000000,0.6377204080796562
2023-03-11T18:00:00.000000,0.6026429917646554
2023-03-11T19:00:00.000000,0.6317405047732183
2023-03-11T20:00:00.000000,0.6527876838611814
2023-03-11T21:00:00.000000,0.6696723890687027
2023-03-11T22:00:00.000000,0.6866215225140287
2023-03-11T23:00:00.000000,0.7152146925062465
2023-03-12T00:00:00.000000,0.7259942610606812
2023-03-12T01:00:00.000000,0.7018823924457649
2023-03-12T02:00:00.000000,0.6652594529691829
2023-03-12T03:00:00.000000,0.6202092270747637
2023-03-12T04:00:00.000000,0.5869917172046034
2023-03-12T05:00:00.000000,0.5581370685444449
2023-03-12T06:00:00.000000,0.5398276416476752
2023-03-12T07:00:00.000000,0.5410035615434682
2023-03-12T08:00:00.000000,0.5526362544773672
2023-03-12T09:00:00.000000,0.6051831837332824
2023-03-12T10:00:00.000000,0.6563283670187892
2023-03-12T11:00:00.000000,0.7007618611467347
2023-03-12T12:00:00.000000,0.7142264354480854
2023-03-12T13:00:00.000000,0.7358489955425351
2023-03-12T14:00:00.000000,0.742178876020273
2023-03-12T15:00:00.000000,0.7745330049461622
2023-03-12T16:00:00.000000,0.7425500620814546
2023-03-12T17:00:00.000000,0.6796663681328711
2023-03-12T18:00:00.000000,0.6338209611431145
2023-03-12T19:00:00.000000,0.6534151723014925
2023-03-12T20:00:00.000000,0.6931434590567651
2023-03-12T21:00:00.000000,0.7181724755700285
2023-03-12T22:00:00.000000,0.7580311278501556
2023-03-12T23:00:00.000000,0.8173905741042271
2023-03-13T00:00:00.000000,0.8157450984359599
2023-03-13T01:00:00.000000,0.7569534022621028
2023-03-13T02:00:00.000000,0.6995153673390881
2023-03-13T03:00:00.000000,0.65089245897659
2023-03-13T04:00:00.000000,0.6084553547943228
2023-03-13T05:00:00.000000,0.5882516493301525
2023-03-13T06:00:00.000000,0.6007992876512712
2023-03-13T07:00:00.000000,0.6260043914680098
2023-03-13T08:00:00.000000,0.6290077710770253
2023-03-13T09:00:00.000000,0.6448754909503132
2023-03-13T10:00:00.000000,0.6347312021703052
2023-03-13T11:00:00.000000,0.623849718589291
2023-03-13T12:00:00.000000,0.603138235413205
2023-03-13T13:00:00.000000,0.618277685548852
2023-03-13T14:00:00.000000,0.6353022356324126
2023-03-13T15:00:00.000000,0.6457260945283757
2023-03-13T16:00:00.000000,0.6260809606739243
2023-03-13T17:00:00.000000,0.5938921081957215
2023-03-13T18:00:00.000000,0.5807108297031706
2023-03-13T19:00:00.000000,0.6307595177793556
2023-03-13T20:00:00.000000,0.7089578968696083
2023-03-13T21:00:00.000000,0.7848569633338003
2023-03-13T22:00:00.000000,0.8417558424711681
2023-03-13T23:00:00.000000,0.8890816425806196
2023-03-14T00:00:00.000000,0.8660584781209876
2023-03-14T01:00:00.000000,0.7983553732303713
2023-03-14T02:00:00.000000,0.7316238537644787
2023-03-14T03:00:00.000000,0.6742990267052719
2023-03-14T04:00:00.000000,0.6306688384813367
2023-03-14T05:00:00.000000,0.6157470175226728
2023-03-14T06:00:00.000000,0.6129165509887978
2023-03-14T07:00:00.000000,0.6348066469511301
2023-03-14T08:00:00.000000,0.6395288188786263
2023-03-14T09:00:00.000000,0.6417673379876475
2023-03-14T10:00:00.000000,0.6478658229885558
2023-03-14T11:00:00.000000,0.6289640061968069
2023-03-14T12:00:00.000000,0.617948353218112
2023-03-14T13:00:00.000000,0.622323441240973
2023-03-14T14:00:00.000000,0.6385077068577
2023-03-14T15:00:00.000000,0.6563506519639409
2023-03-14T16:00:00.000000,0.6571102301996252
2023-03-14T17:00:00.000000,0.639031332380821
2023-03-14T18:00:00.000000,0.6163840983639521
2023-03-14T19:00:00.000000,0.6686242327893333
2023-03-14T20:00:00.000000,0.7217410299237335
2023-03-14T21:00:00.000000,0.7835760685824643
2023-03-14T22:00:00.000000,0.8290595065604108
2023-03-14T23:00:00.000000,0.8639185784432016
2023-03-15T00:00:00.000000,0.8325425423423742
2023-03-15T01:00:00.000000,0.758916834969705
2023-03-15T02:00:00.000000,0.6927233897898416
2023-03-15T03:00:00.000000,0.639896398648235
2023-03-15T04:00:00.000000,0.6044270460498676
2023-03-15T05:00:00.000000,0.581123124924994
2023-03-15T06:00:00.000000,0.6046240449618008
2023-03-15T07:00:00.000000,0.6327070882835336
2023-03-15T08:00:00.000000,0.6177078907890754
2023-03-15T09:00:00.000000,0.6353518011672403
2023-03-15T10:00:00.000000,0.6328685047293192
2023-03-15T11:00:00.000000,0.6206272690682256
2023-03-15T12:00:00.000000,0.6101067015496043
2023-03-15T13:00:00.000000,0.6048852291816679
2023-03-15T14:00:00.000000,0.5992505649661094
2023-03-15T15:00:00.000000,0.6038322300661912
2023-03-15T16:00:00.000000,0.5895937643741356
2023-03-15T17:00:00.000000,0.5631911800000022
2023-03-15T18:00:00.000000,0.5766545399999974
2023-03-15T19:00:00.000000,0.6499149200000012
2023-03-15T20:00:00.000000,0.7209394599999981
2023-03-15T21:00:00.000000,0.7783961079221543
2023-03-15T22:00:00.000000,0.8171181223624474
2023-03-15T23:00:00.000000,0.8497496349926912
2023-03-16T00:00:00.000000,0.8207621884401576
2023-03-16T01:00:00.000000,0.7510147835269226
2023-03-16T02:00:00.000000,0.6841258791416807
2023-03-16T03:00:00.000000,0.6326550178318852
2023-03-16T04:00:00.000000,0.5985927158255455
2023-03-16T05:00:00.000000,0.5770099246681825
2023-03-16T06:00:00.000000,0.5951893857866022
2023-03-16T07:00:00.000000,0.6298910677986361
2023-03-16T08:00:00.000000,0.6328948144605138
2023-03-16T09:00:00.000000,0.6418215033187844
2023-03-16T10:00:00.000000,0.6578608104606408
2023-03-16T11:00:00.000000,0.6254069245948716
2023-03-16T12:00:00.000000,0.6059374912794722
2023-03-16T13:00:00.000000,0.5879940999421954
2023-03-16T14:00:00.000000,0.5850831821715465
2023-03-16T15:00:00.000000,0.6090708234496717
2023-03-16T16:00:00.000000,0.6240402455797708
2023-03-16T17:00:00.000000,0.6037184808612487
2023-03-16T18:00:00.000000,0.5965253389154731
2023-03-16T19:00:00.000000,0.6609923444976038
2023-03-16T20:00:00.000000,0.7123386154796822
2023-03-16T21:00:00.000000,0.6840634904814054
2023-03-16T22:00:00.000000,0.674947911890761
2023-03-16T23:00:00.000000,0.6884279876407897
2023-03-17T00:00:00.000000,0.6633407698256876
2023-03-17T01:00:00.000000,0.6127793840601189
2023-03-17T02:00:00.000000,0.565276102088167
2023-03-17T03:00:00.000000,0.5281922581156907
2023-03-17T04:00:00.000000,0.5024206393273596
2023-03-17T05:00:00.000000,0.49366435258647007
2023-03-17T06:00:00.000000,0.5188019279593683
2023-03-17T07:00:00.000000,0.5746799428752716
2023-03-17T08:00:00.000000,0.5909681654997332
2023-03-17T09:00:00.000000,0.6161782313734789
2023-03-17T10:00:00.000000,0.6290535388399592
2023-03-17T11:00:00.000000,0.6039643338887613
2023-03-17T12:00:00.000000,0.5847318297230816
2023-03-17T13:00:00.000000,0.5769064905181334
2023-03-17T14:00:00.000000,0.5719951199190649
2023-03-17T15:00:00.000000,0.5693501755638843
2023-03-17T16:00:00.000000,0.5663940566168814
2023-03-17T17:00:00.000000,0.562183298944532
2023-03-17T18:00:00.000000,0.5461772875168568
2023-03-17T19:00:00.000000,0.6056925442425237
2023-03-17T20:00:00.000000,0.6626278566894124
2023-03-17T21:00:00.000000,0.6790548015873058
2023-03-17T22:00:00.000000,0.6902143849206316
2023-03-17T23:00:00.000000,0.7185061111111087
2023-03-18T00:00:00.000000,0.706109169874642
2023-03-18T01:00:00.000000,0.6519014707334003
2023-03-18T02:00:00.000000,0.5952661336491913
2023-03-18T03:00:00.000000,0.5535956963774586
2023-03-18T04:00:00.000000,0.5224566200130325
2023-03-18T05:00:00.000000,0.49724398387797025
2023-03-18T06:00:00.000000,0.5036540285296532
2023-03-18T07:00:00.000000,0.5267111668708273
2023-03-18T08:00:00.000000,0.5581642133133167
2023-03-18T09:00:00.000000,0.6265840801593221
2023-03-18T10:00:00.000000,0.6734697535474197
2023-03-18T11:00:00.000000,0.6765672973197302
2023-03-18T12:00:00.000000,0.667728196830137
2023-03-18T13:00:00.000000,0.6403913451724864
2023-03-18T14:00:00.000000,0.6204270899254913
2023-03-18T15:00:00.000000,0.617967338940149
2023-03-18T16:00:00.000000,0.595618011686672
2023-03-18T17:00:00.000000,0.5927228934691603
2023-03-18T18:00:00.000000,0.5742264866145564
2023-03-18T19:00:00.000000,0.6075114704256515
2023-03-18T20:00:00.000000,0.6404772368317181
2023-03-18T21:00:00.000000,0.6505575518262517
2023-03-18T22:00:00.000000,0.645097709772949
2023-03-18T23:00:00.000000,0.6463689042448179
2023-03-19T00:00:00.000000,0.635566802731769
2023-03-19T01:00:00.000000,0.5972597535128409
2023-03-19T02:00:00.000000,0.5561214773530141
2023-03-19T03:00:00.000000,0.5248101695580472
2023-03-19T04:00:00.000000,0.4983504395949426
2023-03-19T05:00:00.000000,0.48218801774566994
2023-03-19T06:00:00.000000,0.47450402418437077
2023-03-19T07:00:00.000000,0.48695638176750156
2023-03-19T08:00:00.000000,0.5267072356797924
2023-03-19T09:00:00.000000,0.5891111002022499
2023-03-19T10:00:00.000000,0.6375943409193594
2023-03-19T11:00:00.000000,0.6543026488895878
2023-03-19T12:00:00.000000,0.6555392031731694
2023-03-19T13:00:00.000000,0.6324455200581182
2023-03-19T14:00:00.000000,0.6084629495060617
2023-03-19T15:00:00.000000,0.5888149537482513
2023-03-19T16:00:00.000000,0.5799069680662936
2023-03-19T17:00:00.000000,0.5615606450472388
2023-03-19T18:00:00.000000,0.5416643947280592
2023-03-19T19:00:00.000000,0.5719712832197308
2023-03-19T20:00:00.000000,0.5974118363418472
2023-03-19T21:00:00.000000,0.607660896730582
2023-03-19T22:00:00.000000,0.6187727522791572
2023-03-19T23:00:00.000000,0.6333826823326014
2023-03-20T00:00:00.000000,0.6096643284223684
2023-03-20T01:00:00.000000,0.5578925710266145
2023-03-20T02:00:00.000000,0.5222681621008993
2023-03-20T03:00:00.000000,0.48427978819023687
2023-03-20T04:00:00.000000,0.45756913126734794
2023-03-20T05:00:00.000000,0.4487718941732798
2023-03-20T06:00:00.000000,0.480645824377664
2023-03-20T07:00:00.000000,0.5354291297041678
2023-03-20T08:00:00.000000,0.5795593223650797
2023-03-20T09:00:00.000000,0.6102029387627457
2023-03-20T10:00:00.000000,0.6010230177029215
2023-03-20T11:00:00.000000,0.5768645707139801
2023-03-20T12:00:00.000000,0.5496271053968528
2023-03-20T13:00:00.000000,0.5337086834186627
2023-03-20T14:00:00.000000,0.5052272070030157
2023-03-20T15:00:00.000000,0.4953446207354744
2023-03-20T16:00:00.000000,0.48170121141071165
2023-03-20T17:00:00.000000,0.47282717110920425
2023-03-20T18:00:00.000000,0.48070835613226404
2023-03-20T19:00:00.000000,0.5337040764480557
2023-03-20T20:00:00.000000,0.5798374855892336
2023-03-20T21:00:00.000000,0.5878029666399551
2023-03-20T22:00:00.000000,0.6086519181535667
2023-03-20T23:00:00.000000,0.6218614004573075
2023-03-21T00:00:00.000000,0.5898947582835354
2023-03-21T01:00:00.000000,0.5403609257391101
2023-03-21T02:00:00.000000,0.4968197214246944
2023-03-21T03:00:00.000000,0.4667523473267639
2023-03-21T04:00:00.000000,0.44619317917280893
2023-03-21T05:00:00.000000,0.44102890509816345
2023-03-21T06:00:00.000000,0.47395619616667967
2023-03-21T07:00:00.000000,0.520937048964071
2023-03-21T08:00:00.000000,0.5548631178707184
2023-03-21T09:00:00.000000,0.5790856483277712
2023-03-21T10:00:00.000000,0.5727468184992642
2023-03-21T11:00:00.000000,0.5498500232792766
2023-03-21T12:00:00.000000,0.5356438839848651
2023-03-21T13:00:00.000000,0.5070379236096351
2023-03-21T14:00:00.000000,0.4863998678893399
2023-03-21T15:00:00.000000,0.4716960677650026
2023-03-21T16:00:00.000000,0.47376317221013814
2023-03-21T17:00:00.000000,0.48227083738100246
2023-03-21T18:00:00.000000,0.473376549446283
2023-03-21T19:00:00.000000,0.5225717311054986
2023-03-21T20:00:00.000000,0.574290266174472
2023-03-21T21:00:00.000000,0.5921170607550119
2023-03-21T22:00:00.000000,0.58065701684509
2023-03-21T23:00:00.000000,0.5786635839048713
2023-03-22T00:00:00.000000,0.558606958837488
2023-03-22T01:00:00.000000,0.5161972056581553
2023-03-22T02:00:00.000000,0.47422526486424027
2023-03-22T03:00:00.000000,0.44677529477604566
2023-03-22T04:00:00.000000,0.42582058704336645
2023-03-22T05:00:00.000000,0.4144038896077609
2023-03-22T06:00:00.000000,0.4325212537901491
2023-03-22T07:00:00.000000,0.483378763591421
2023-03-22T08:00:00.000000,0.5598876378454615
2023-03-22T09:00:00.000000,0.6301531181798803
2023-03-22T10:00:00.000000,0.6490157792069853
2023-03-22T11:00:00.000000,0.6340188500685636
2023-03-22T12:00:00.000000,0.5967736253548848
2023-03-22T13:00:00.000000,0.5668105143210339
2023-03-22T14:00:00.000000,0.5311509937359862
2023-03-22T15:00:00.000000,0.5166582244219383
2023-03-22T16:00:00.000000,0.5019842046245527
2023-03-22T17:00:00.000000,0.5005418865881748
2023-03-22T18:00:00.000000,0.5049766254857668
2023-03-22T19:00:00.000000,0.5474763838137826
2023-03-22T20:00:00.000000,0.5865014016975044
2023-03-22T21:00:00.000000,0.5927299460588157
2023-03-22T22:00:00.000000,0.5939768574908656
2023-03-22T23:00:00.000000,0.59352823695455
2023-03-23T00:00:00.000000,0.5663132701786775
2023-03-23T01:00:00.000000,0.5199862715649964
2023-03-23T02:00:00.000000,0.47662380622304823
2023-03-23T03:00:00.000000,0.44968355283425465
2023-03-23T04:00:00.000000,0.42899880622304454
2023-03-23T05:00:00.000000,0.41830089944339105
2023-03-23T06:00:00.000000,0.45813928853450697
2023-03-23T07:00:00.000000,0.5303302517285906
2023-03-23T08:00:00.000000,0.5683609329558422
2023-03-23T09:00:00.000000,0.5969599352800593
2023-03-23T10:00:00.000000,0.5976216580630291
2023-03-23T11:00:00.000000,0.5688321904615162
2023-03-23T12:00:00.000000,0.5378477540642592
2023-03-23T13:00:00.000000,0.5141857423530276
2023-03-23T14:00:00.000000,0.49776692801140565
2023-03-23T15:00:00.000000,0.4734135154398871
2023-03-23T16:00:00.000000,0.47766165876960076
2023-03-23T17:00:00.000000,0.478063186283954
2023-03-23T18:00:00.000000,0.4885478135234146
2023-03-23T19:00:00.000000,0.5386146985166625
2023-03-23T20:00:00.000000,0.5886015218647667
2023-03-23T21:00:00.000000,0.5977848225638687
2023-03-23T22:00:00.000000,0.6065671791315004
2023-03-23T23:00:00.000000,0.5988800909336113
2023-03-24T00:00:00.000000,0.5683630413083544
2023-03-24T01:00:00.000000,0.5197949746621652
2023-03-24T02:00:00.000000,0.4745651297604428
2023-03-24T03:00:00.000000,0.4458872274262937
2023-03-24T04:00:00.000000,0.4279053670147424
2023-03-24T05:00:00.000000,0.42526904099069185
2023-03-24T06:00:00.000000,0.4634835173274508
2023-03-24T07:00:00.000000,0.5342514927522332
2023-03-24T08:00:00.000000,0.572205598863337
2023-03-24T09:00:00.000000,0.6126909136526825
2023-03-24T10:00:00.000000,0.6116007256725959
2023-03-24T11:00:00.000000,0.5935059636391721
2023-03-24T12:00:00.000000,0.5664982823175201
2023-03-24T13:00:00.000000,0.5327720692700517
2023-03-24T14:00:00.000000,0.5212908682462241
2023-03-24T15:00:00.000000,0.5081382051380482
2023-03-24T16:00:00.000000,0.49791655466380635
2023-03-24T17:00:00.000000,0.5062180166685846
2023-03-24T18:00:00.000000,0.49330639090525863
2023-03-24T19:00:00.000000,0.5312901447939459
2023-03-24T20:00:00.000000,0.5842146368629257
2023-03-24T21:00:00.000000,0.5900234308980504
2023-03-24T22:00:00.000000,0.5981395482830065
2023-03-24T23:00:00.000000,0.5967732772528253
2023-03-25T00:00:00.000000,0.5875542929293006
2023-03-25T01:00:00.000000,0.5404867424242458
2023-03-25T02:00:00.000000,0.4993039485766736
2023-03-25T03:00:00.000000,0.46384831267217536
2023-03-25T04:00:00.000000,0.43883228114478706
2023-03-25T05:00:00.000000,0.42636000306255084
2023-03-25T06:00:00.000000,0.4377511293162867
2023-03-25T07:00:00.000000,0.4686708904371892
2023-03-25T08:00:00.000000,0.5211522941750715
2023-03-25T09:00:00.000000,0.5873284132129386
2023-03-25T10:00:00.000000,0.618008180906072
2023-03-25T11:00:00.000000,0.6227396002161061
2023-03-25T12:00:00.000000,0.5958342787682357
2023-03-25T13:00:00.000000,0.5691059425091427
2023-03-25T14:00:00.000000,0.5337203600842761
2023-03-25T15:00:00.000000,0.5147938709059597
2023-03-25T16:00:00.000000,0.49279550286338764
2023-03-25T17:00:00.000000,0.4857688962121407
2023-03-25T18:00:00.000000,0.48641277565957075
2023-03-25T19:00:00.000000,0.527476270764284
2023-03-25T20:00:00.000000,0.5524770573709259
2023-03-25T21:00:00.000000,0.5363932379913074
2023-03-25T22:00:00.000000,0.5369082380870357
2023-03-25T23:00:00.000000,0.5264997032527338
2023-03-26T00:00:00.000000,0.5009545134461284
2023-03-26T01:00:00.000000,0.47238463734465164
2023-03-26T02:00:00.000000,0.4385380735778314
2023-03-26T03:00:00.000000,0.41876838018385365
2023-03-26T04:00:00.000000,0.3968670422320784
2023-03-26T05:00:00.000000,0.3919432891529592
2023-03-26T06:00:00.000000,0.40014739488116796
2023-03-26T07:00:00.000000,0.42508544713589475
2023-03-26T08:00:00.000000,0.47895452208192907
2023-03-26T09:00:00.000000,0.5499995164035892
2023-03-26T10:00:00.000000,0.6069650456514939
2023-03-26T11:00:00.000000,0.6160658851748662
2023-03-26T12:00:00.000000,0.5980983248220492
2023-03-26T13:00:00.000000,0.5778898839580002
2023-03-26T14:00:00.000000,0.5319471377391607
2023-03-26T15:00:00.000000,0.5111897629392512
2023-03-26T16:00:00.000000,0.4983067497522675
2023-03-26T17:00:00.000000,0.4975903370957873
2023-03-26T18:00:00.000000,0.48743551708358296
2023-03-26T19:00:00.000000,0.5232211905125066
2023-03-26T20:00:00.000000,0.5535776388041453
2023-03-26T21:00:00.000000,0.5486280316763692
2023-03-26T22:00:00.000000,0.5418350729892178
2023-03-26T23:00:00.000000,0.536321839519127
2023-03-27T00:00:00.000000,0.5169223075752969
2023-03-27T01:00:00.000000,0.4736296014603063
2023-03-27T02:00:00.000000,0.4411521714329248
2023-03-27T03:00:00.000000,0.41047149756617174
2023-03-27T04:00:00.000000,0.39062331488982055
2023-03-27T05:00:00.000000,0.389650082950364
2023-03-27T06:00:00.000000,0.4350424477031357
2023-03-27T07:00:00.000000,0.5070482256249906
2023-03-27T08:00:00.000000,0.5436285736082274
2023-03-27T09:00:00.000000,0.5922132014628984
2023-03-27T10:00:00.000000,0.5882001455031712
2023-03-27T11:00:00.000000,0.5634693066970801
2023-03-27T12:00:00.000000,0.5270926107986921
2023-03-27T13:00:00.000000,0.4862919731800782
2023-03-27T14:00:00.000000,0.4708012087616008
2023-03-27T15:00:00.000000,0.45655422104169213
2023-03-27T16:00:00.000000,0.3956579919926187
2023-03-27T17:00:00.000000,0.47886508963223684
2023-03-27T18:00:00.000000,0.4794738259285726
2023-03-27T19:00:00.000000,0.5382793927392799
2023-03-27T20:00:00.000000,0.2899448356186273
2023-03-27T21:00:00.000000,0.6543210930828347
2023-03-27T22:00:00.000000,0.6125795356835771
2023-03-27T23:00:00.000000,0.624361610968294
2023-03-28T00:00:00.000000,0.3198272884283246
